-- phpMyAdmin SQL Dump
-- version 4.7.4
-- https://www.phpmyadmin.net/
--
-- Máy chủ: 127.0.0.1
-- Thời gian đã tạo: Th3 15, 2018 lúc 08:52 AM
-- Phiên bản máy phục vụ: 10.1.26-MariaDB
-- Phiên bản PHP: 7.0.22

SET SQL_MODE = "NO_AUTO_VALUE_ON_ZERO";
SET AUTOCOMMIT = 0;
START TRANSACTION;
SET time_zone = "+00:00";


/*!40101 SET @OLD_CHARACTER_SET_CLIENT=@@CHARACTER_SET_CLIENT */;
/*!40101 SET @OLD_CHARACTER_SET_RESULTS=@@CHARACTER_SET_RESULTS */;
/*!40101 SET @OLD_COLLATION_CONNECTION=@@COLLATION_CONNECTION */;
/*!40101 SET NAMES utf8mb4 */;

--
-- Cơ sở dữ liệu: `classic`
--

-- --------------------------------------------------------

--
-- Cấu trúc bảng cho bảng `about`
--

CREATE TABLE `about` (
  `id` int(10) UNSIGNED NOT NULL,
  `user_id` int(11) NOT NULL DEFAULT '0',
  `name` varchar(255) COLLATE utf8_unicode_ci DEFAULT NULL,
  `alias` varchar(255) COLLATE utf8_unicode_ci DEFAULT NULL,
  `photo` text COLLATE utf8_unicode_ci,
  `mota` longtext COLLATE utf8_unicode_ci,
  `link` text COLLATE utf8_unicode_ci,
  `content` longtext COLLATE utf8_unicode_ci,
  `status` int(11) NOT NULL DEFAULT '1',
  `title` text COLLATE utf8_unicode_ci,
  `keyword` longtext COLLATE utf8_unicode_ci,
  `description` longtext COLLATE utf8_unicode_ci,
  `com` text COLLATE utf8_unicode_ci,
  `created_at` timestamp NOT NULL DEFAULT CURRENT_TIMESTAMP ON UPDATE CURRENT_TIMESTAMP,
  `updated_at` timestamp NOT NULL DEFAULT '0000-00-00 00:00:00'
) ENGINE=MyISAM DEFAULT CHARSET=utf8 COLLATE=utf8_unicode_ci;

--
-- Đang đổ dữ liệu cho bảng `about`
--

INSERT INTO `about` (`id`, `user_id`, `name`, `alias`, `photo`, `mota`, `link`, `content`, `status`, `title`, `keyword`, `description`, `com`, `created_at`, `updated_at`) VALUES
(1, 5, NULL, '', NULL, NULL, NULL, '<div class=\"col-xs-12 col-sm-6 col-md-6\">\r\n<div class=\"about-pisces-desc\">\r\n<div class=\"about-text\">\r\n<div class=\"about-main-content\">\r\n<p>Lorem ipsum dolor sit amet, consectetuer adipiscing elit. Aenean commodo ligula eget dolor. Aenean massa. Cum sociis natoque penatibus et magnis dis parturient montes, nascetur ridiculus mus. Donec quam felis, ultricies nec, pellentesque eu, pretium quis, sem. Nulla consequat massa quis enim.Donec pede justo, fringilla vel,</p>\r\n</div>\r\n<div class=\"about-sub-text\">\r\n<p>Lorem ipsum dolor sit amet, consectetuer adipiscing elit. Aenean commodo ligula eget dolor. Aenean massa. Cum sociis natoque penatibus et magnis dis parturient montes</p>\r\n</div>\r\n</div>\r\n<div class=\"about-list\">\r\n<ul>\r\n<li>We Love Products That Work Perfectly And Look Beautiful.</li>\r\n<li>We Create Base On A Deeply Analysis Of Your Project.</li>\r\n<li>We Are Create Design With Really High Quality Standards.</li>\r\n</ul>\r\n</div>\r\n<div class=\"about-learn\">&nbsp;</div>\r\n</div>\r\n</div>\r\n<div class=\"col-xs-12 col-sm-6 col-md-6\">\r\n<div class=\"about-photo\"><img src=\"https://tpl.gco.vn/du-an-cong-ty/kho2018/classic/img/about-img.jpg\" alt=\"\" /></div>\r\n</div>', 1, NULL, NULL, NULL, 'gioi=thieu', '2018-03-14 03:32:23', '2018-03-13 20:32:23');

-- --------------------------------------------------------

--
-- Cấu trúc bảng cho bảng `banggia`
--

CREATE TABLE `banggia` (
  `id` int(11) NOT NULL,
  `name` varchar(250) DEFAULT NULL,
  `alias` varchar(250) DEFAULT NULL,
  `content` text,
  `doc` text,
  `created_at` timestamp NULL DEFAULT CURRENT_TIMESTAMP ON UPDATE CURRENT_TIMESTAMP,
  `updated_at` timestamp NULL DEFAULT NULL ON UPDATE CURRENT_TIMESTAMP
) ENGINE=InnoDB DEFAULT CHARSET=utf8;

--
-- Đang đổ dữ liệu cho bảng `banggia`
--

INSERT INTO `banggia` (`id`, `name`, `alias`, `content`, `doc`, `created_at`, `updated_at`) VALUES
(2, 'Bảng giá tại Hà Nội', 'bang-gia-tai-ha-noi', '<p><strong>Bảng gi&aacute; H&agrave;ng Vặn Ren mới nhất tại H&agrave; Nội</strong></p>\r\n<p>Thương hiệu Hathaco &Aacute;p dụng từ ng&agrave;y 8 th&aacute;ng 8 năm 2015 Để nhận được b&aacute;o gi&aacute; vật tư ng&agrave;nh nước v&agrave; c&aacute;c sản phẩm phụ kiện ống nhựa hdpe gi&aacute; tốt nhất c&ugrave;ng với chiết khấu tốt nhất cho đại l&yacute;, c&ocirc;ng tr&igrave;nh</p>\r\n<p><img class=\"img-fluid\" src=\"http://localhost/eu/backend/banggia/edit/images/price-table/price-table-item-1.jpg\" alt=\"\" /></p>\r\n<p>ĐỂ BIẾT TH&Ocirc;NG TIN CHI TIẾT XIN VUI L&Ograve;NG LI&Ecirc;N HỆ:</p>\r\n<p><strong class=\"text-uppercase\">C&Ocirc;NG TY TNHH SẢN XUẤT NHỰA CH&Acirc;U &Acirc;U</strong>&nbsp;<br />Trụ sở Hồ Ch&iacute; Minh : Số 68/8A Đường Trần Tấn, P.T&acirc;n Sơn Nh&igrave;, Q.T&acirc;n Ph&uacute;, TP.HCM&nbsp;<br />Tel :&nbsp;<a title=\"\" href=\"callto:02838493888\">0283.8493888</a>&nbsp;<br />Chi nh&aacute;nh H&agrave; Nội : Số 19 ng&otilde; 79 phố Y&ecirc;n Duy&ecirc;n, P.Y&ecirc;n Sở, Q.Ho&agrave;ng Mai, TP. H&agrave; Nội&nbsp;<br />Tel :&nbsp;<a title=\"\" href=\"callto:02432009195\">0243.2009195</a></p>', '1509933469_GCO PROFILE 2017.pdf', '2017-11-06 01:57:49', '2017-11-05 18:57:49'),
(4, 'Bảng giá tại TP.Hồ Chí Minh', 'bang-gia-tai-tpho-chi-minh', '<p><strong>Bảng gi&aacute; H&agrave;ng Vặn Ren mới nhất tại TP. Hồ Ch&iacute; Minh</strong></p>\r\n<p>Thương hiệu Hathaco &Aacute;p dụng từ ng&agrave;y 8 th&aacute;ng 8 năm 2015 Để nhận được b&aacute;o gi&aacute; vật tư ng&agrave;nh nước v&agrave; c&aacute;c sản phẩm phụ kiện ống nhựa hdpe gi&aacute; tốt nhất c&ugrave;ng với chiết khấu tốt nhất cho đại l&yacute;, c&ocirc;ng tr&igrave;nh sd</p>\r\n<p><img class=\"img-fluid\" src=\"http://localhost/eu/backend/banggia/images/price-table/price-table-item-1.jpg\" alt=\"\" /></p>\r\n<p>ĐỂ BIẾT TH&Ocirc;NG TIN CHI TIẾT XIN VUI L&Ograve;NG LI&Ecirc;N HỆ:</p>\r\n<p><strong class=\"text-uppercase\">C&Ocirc;NG TY TNHH SẢN XUẤT NHỰA CH&Acirc;U &Acirc;U</strong>&nbsp;<br />Trụ sở Hồ Ch&iacute; Minh : Số 68/8A Đường Trần Tấn, P.T&acirc;n Sơn Nh&igrave;, Q.T&acirc;n Ph&uacute;, TP.HCM&nbsp;<br />Tel :&nbsp;<a title=\"\" href=\"callto:02838493888\">0283.8493888</a>&nbsp;<br />Chi nh&aacute;nh H&agrave; Nội : Số 19 ng&otilde; 79 phố Y&ecirc;n Duy&ecirc;n, P.Y&ecirc;n Sở, Q.Ho&agrave;ng Mai, TP. H&agrave; Nội&nbsp;<br />Tel :&nbsp;<a title=\"\" href=\"callto:02432009195\">0243.2009195</a></p>', '1509893148_Tìm kiếm toàn văn.docx', '2017-11-05 14:45:48', '2017-11-05 07:45:48');

-- --------------------------------------------------------

--
-- Cấu trúc bảng cho bảng `bank_account`
--

CREATE TABLE `bank_account` (
  `id` int(11) NOT NULL,
  `img` varchar(255) DEFAULT NULL,
  `info` text,
  `created_at` timestamp NULL DEFAULT CURRENT_TIMESTAMP ON UPDATE CURRENT_TIMESTAMP,
  `updated_at` timestamp NULL DEFAULT NULL ON UPDATE CURRENT_TIMESTAMP
) ENGINE=InnoDB DEFAULT CHARSET=utf8;

--
-- Đang đổ dữ liệu cho bảng `bank_account`
--

INSERT INTO `bank_account` (`id`, `img`, `info`, `created_at`, `updated_at`) VALUES
(1, '1507946485_logobidv.png', '<p>Số t&agrave;i khoản:&nbsp;001234646870</p>\r\n<p>Chủ t&agrave;i khoản:&nbsp;<span class=\"text-uppercase\">NGUYỄN HẢI YẾN</span></p>\r\n<p>Ng&acirc;n h&agrave;ng:&nbsp;Ng&acirc;n h&agrave;ng TMCP Ngoại thương Việt Nam Chi nh&aacute;nh Đống Đa</p>', '2017-10-14 02:01:25', '2017-10-13 19:01:25'),
(3, '1507946490_logobidv.png', '<p>Số t&agrave;i khoản:&nbsp;001234646870</p>\r\n<p>Chủ t&agrave;i khoản:&nbsp;<span class=\"text-uppercase\">NGUYỄN Ho&agrave;ng&nbsp;Hải</span></p>\r\n<p>Ng&acirc;n h&agrave;ng:&nbsp;Ng&acirc;n h&agrave;ng TMCP Ngoại thương Việt Nam Chi nh&aacute;nh&nbsp;H&agrave; Nội</p>\r\n<p>&nbsp;</p>', '2017-10-14 02:01:30', '2017-10-13 19:01:30');

-- --------------------------------------------------------

--
-- Cấu trúc bảng cho bảng `banner`
--

CREATE TABLE `banner` (
  `id` int(10) UNSIGNED NOT NULL,
  `name` varchar(255) COLLATE utf8_unicode_ci DEFAULT NULL,
  `alias` varchar(255) COLLATE utf8_unicode_ci DEFAULT NULL,
  `photo` text COLLATE utf8_unicode_ci,
  `status` int(11) NOT NULL DEFAULT '1',
  `image_path` varchar(255) COLLATE utf8_unicode_ci DEFAULT NULL,
  `alt` varchar(255) COLLATE utf8_unicode_ci DEFAULT NULL,
  `stt` int(11) NOT NULL DEFAULT '0',
  `com` varchar(255) COLLATE utf8_unicode_ci DEFAULT NULL,
  `created_at` timestamp NOT NULL DEFAULT CURRENT_TIMESTAMP ON UPDATE CURRENT_TIMESTAMP,
  `updated_at` timestamp NOT NULL DEFAULT '0000-00-00 00:00:00'
) ENGINE=MyISAM DEFAULT CHARSET=utf8 COLLATE=utf8_unicode_ci;

-- --------------------------------------------------------

--
-- Cấu trúc bảng cho bảng `banner_content`
--

CREATE TABLE `banner_content` (
  `id` int(11) NOT NULL,
  `image` varchar(255) NOT NULL,
  `link` varchar(255) DEFAULT NULL,
  `position` int(11) DEFAULT NULL,
  `updated_at` timestamp NULL DEFAULT CURRENT_TIMESTAMP ON UPDATE CURRENT_TIMESTAMP,
  `created_at` timestamp NULL DEFAULT NULL ON UPDATE CURRENT_TIMESTAMP
) ENGINE=InnoDB DEFAULT CHARSET=latin1;

--
-- Đang đổ dữ liệu cho bảng `banner_content`
--

INSERT INTO `banner_content` (`id`, `image`, `link`, `position`, `updated_at`, `created_at`) VALUES
(8, '1510106818_banner-1.jpg', NULL, 3, '2017-11-07 19:06:58', '2017-11-07 19:06:58'),
(9, '1510106829_banner-1.jpg', NULL, 4, '2017-11-07 19:07:09', '2017-11-07 19:07:09'),
(10, '1510106837_banner-1.jpg', NULL, 6, '2017-11-07 19:07:17', '2017-11-07 19:07:17'),
(11, '1510106849_banner-1.jpg', NULL, 7, '2017-11-07 19:07:29', '2017-11-07 19:07:29'),
(12, '1510106862_banner-1.jpg', NULL, 2, '2017-11-07 19:07:42', '2017-11-07 19:07:42'),
(13, '1510107779_banner-1.jpg', NULL, 5, '2017-11-07 19:22:59', '2017-11-07 19:22:59');

-- --------------------------------------------------------

--
-- Cấu trúc bảng cho bảng `banner_position`
--

CREATE TABLE `banner_position` (
  `id` int(11) NOT NULL,
  `name` varchar(255) CHARACTER SET utf8 DEFAULT NULL,
  `created_at` timestamp NULL DEFAULT CURRENT_TIMESTAMP ON UPDATE CURRENT_TIMESTAMP,
  `updated_at` timestamp NULL DEFAULT NULL ON UPDATE CURRENT_TIMESTAMP
) ENGINE=InnoDB DEFAULT CHARSET=latin1;

--
-- Đang đổ dữ liệu cho bảng `banner_position`
--

INSERT INTO `banner_position` (`id`, `name`, `created_at`, `updated_at`) VALUES
(1, 'Trang chủ', '2017-09-20 08:29:24', '2017-09-20 01:29:24'),
(2, 'Tin tức', '2017-10-14 03:36:18', '2017-10-13 20:36:18'),
(3, 'Trang giới thiệu', '2017-11-08 02:03:36', '2017-11-07 19:03:36'),
(4, 'Trang sản phẩm', '2017-11-08 02:03:51', '2017-11-07 19:03:51'),
(5, 'Trang chi tiết sản phẩm', '2017-10-16 02:47:30', '2017-10-15 19:47:30'),
(6, 'Trang bảng giá', '2017-11-07 19:05:03', '2017-11-07 19:05:03'),
(7, 'Trang chứng chỉ kĩ thuật', '2017-11-07 19:05:29', '2017-11-07 19:05:29');

-- --------------------------------------------------------

--
-- Cấu trúc bảng cho bảng `bills`
--

CREATE TABLE `bills` (
  `id` int(11) NOT NULL,
  `full_name` varchar(250) DEFAULT NULL,
  `email` varchar(250) DEFAULT NULL,
  `phone` varchar(11) DEFAULT NULL,
  `address` varchar(250) DEFAULT NULL,
  `province` varchar(250) DEFAULT NULL,
  `district` varchar(250) DEFAULT NULL,
  `note` text,
  `status` tinyint(2) DEFAULT '0',
  `total` int(11) DEFAULT NULL,
  `detail` text,
  `created_at` timestamp NULL DEFAULT NULL ON UPDATE CURRENT_TIMESTAMP,
  `updated_at` timestamp NULL DEFAULT '0000-00-00 00:00:00',
  `card_code` varchar(250) DEFAULT NULL,
  `payment` int(2) DEFAULT '0'
) ENGINE=InnoDB DEFAULT CHARSET=utf8;

--
-- Đang đổ dữ liệu cho bảng `bills`
--

INSERT INTO `bills` (`id`, `full_name`, `email`, `phone`, `address`, `province`, `district`, `note`, `status`, `total`, `detail`, `created_at`, `updated_at`, `card_code`, `payment`) VALUES
(8, 'Hoàng Hồng Chương', 'admin@team.vn', '987654321', 'Hà Nội', NULL, NULL, 'dgdg', 0, 1200000, '[{\"product_name\":\"S\\u1ea3n ph\\u1ea9m 1\",\"product_numb\":1,\"product_price\":500000,\"product_img\":\"1521003014_1.jpg\",\"product_code\":null},{\"product_name\":\"S\\u1ea3n ph\\u1ea9m 2\",\"product_numb\":1,\"product_price\":700000,\"product_img\":\"1521003043_2.jpg\",\"product_code\":null}]', '2018-03-14 18:54:48', '2018-03-14 18:54:48', NULL, 1);

-- --------------------------------------------------------

--
-- Cấu trúc bảng cho bảng `campaigns`
--

CREATE TABLE `campaigns` (
  `id` int(11) NOT NULL,
  `campaign_name` varchar(100) CHARACTER SET utf8 NOT NULL,
  `campaign_type` int(2) DEFAULT NULL,
  `campaign_value` int(10) DEFAULT NULL,
  `campaign_expired` date DEFAULT NULL,
  `created_at` timestamp NULL DEFAULT CURRENT_TIMESTAMP ON UPDATE CURRENT_TIMESTAMP,
  `updated_at` timestamp NOT NULL DEFAULT '0000-00-00 00:00:00' ON UPDATE CURRENT_TIMESTAMP,
  `del_flg` int(1) NOT NULL DEFAULT '0',
  `card_numb` int(10) DEFAULT NULL
) ENGINE=InnoDB DEFAULT CHARSET=latin1;

--
-- Đang đổ dữ liệu cho bảng `campaigns`
--

INSERT INTO `campaigns` (`id`, `campaign_name`, `campaign_type`, `campaign_value`, `campaign_expired`, `created_at`, `updated_at`, `del_flg`, `card_numb`) VALUES
(1, 'Chào mừng giáng sinh', 1, 100000, '2017-09-30', '2017-09-21 18:56:44', '2017-09-21 18:56:44', 0, 7),
(2, 'Chào thu', 2, 10, '2017-09-30', '2017-09-22 18:43:02', '2017-09-22 18:43:02', 0, 4);

-- --------------------------------------------------------

--
-- Cấu trúc bảng cho bảng `campaign_cards`
--

CREATE TABLE `campaign_cards` (
  `id` int(10) NOT NULL,
  `campaign_id` int(10) NOT NULL,
  `card_code` varchar(100) NOT NULL,
  `is_active` int(1) NOT NULL DEFAULT '0',
  `created_at` timestamp NULL DEFAULT CURRENT_TIMESTAMP ON UPDATE CURRENT_TIMESTAMP,
  `updated_at` timestamp NULL DEFAULT NULL ON UPDATE CURRENT_TIMESTAMP,
  `del_flg` int(1) NOT NULL DEFAULT '0'
) ENGINE=InnoDB DEFAULT CHARSET=latin1;

--
-- Đang đổ dữ liệu cho bảng `campaign_cards`
--

INSERT INTO `campaign_cards` (`id`, `campaign_id`, `card_code`, `is_active`, `created_at`, `updated_at`, `del_flg`) VALUES
(1, 1, 'hDXoOAI7BpxYJ', 0, '2017-09-21 18:55:29', '2017-09-21 18:55:29', 0),
(2, 1, 'FepHYPARhlTbe', 0, '2017-09-21 18:55:29', '2017-09-21 18:55:29', 0),
(3, 1, 'bpDe0nb31sZiN', 0, '2017-09-21 18:55:29', '2017-09-21 18:55:29', 0),
(4, 1, '0DK0VoB53JeJj', 0, '2017-09-21 18:55:29', '2017-09-21 18:55:29', 0),
(5, 1, 'hF3Ad1g7J411w', 0, '2017-09-21 18:55:29', '2017-09-21 18:55:29', 0),
(6, 1, '8PyZN6OTyAIwZ', 0, '2017-09-21 18:56:44', '2017-09-21 18:56:44', 0),
(7, 1, 'Zqy0atJII1nzS', 0, '2017-09-21 18:56:44', '2017-09-21 18:56:44', 0),
(8, 2, '3Qe06mci6qmMc', 0, '2017-09-22 18:43:02', '2017-09-22 18:43:02', 0),
(9, 2, 'vUrrWre9EN6iR', 0, '2017-09-22 18:43:02', '2017-09-22 18:43:02', 0),
(10, 2, 'IGzmLXBT9pDk5', 0, '2017-09-22 18:43:02', '2017-09-22 18:43:02', 0),
(11, 2, 'OXSiH6ooCzJj7', 0, '2017-09-22 18:43:02', '2017-09-22 18:43:02', 0);

-- --------------------------------------------------------

--
-- Cấu trúc bảng cho bảng `chinhanh`
--

CREATE TABLE `chinhanh` (
  `id` int(11) NOT NULL,
  `name` varchar(250) DEFAULT NULL,
  `website` varchar(250) DEFAULT NULL,
  `phone` varchar(250) DEFAULT NULL,
  `address` varchar(250) DEFAULT NULL,
  `created_at` timestamp NULL DEFAULT CURRENT_TIMESTAMP ON UPDATE CURRENT_TIMESTAMP,
  `updated_at` timestamp NULL DEFAULT NULL ON UPDATE CURRENT_TIMESTAMP
) ENGINE=InnoDB DEFAULT CHARSET=utf8;

--
-- Đang đổ dữ liệu cho bảng `chinhanh`
--

INSERT INTO `chinhanh` (`id`, `name`, `website`, `phone`, `address`, `created_at`, `updated_at`) VALUES
(1, 'Văn phòng Hồ Chí Minh', 'http://gco.vn/', '0283.8493888', 'Số 68/8A Đường Trần Tấn, P.Tân Sơn Nhì, Q.Tân Phú, TP.HCM', '2017-11-04 03:23:41', '2017-11-03 20:23:41'),
(2, 'Văn phòng Hà Nội', NULL, '0243.2009195', 'Số 19 ngõ 79 phố Yên Duyên, P.Yên Sở, Q.Hoàng Mai, TP. Hà Nội', '2017-11-04 03:24:55', '2017-11-03 20:24:55');

-- --------------------------------------------------------

--
-- Cấu trúc bảng cho bảng `contact`
--

CREATE TABLE `contact` (
  `id` int(10) UNSIGNED NOT NULL,
  `name` text COLLATE utf8_unicode_ci NOT NULL,
  `title` text COLLATE utf8_unicode_ci NOT NULL,
  `photo` text COLLATE utf8_unicode_ci,
  `codemap` longtext COLLATE utf8_unicode_ci,
  `desc` longtext COLLATE utf8_unicode_ci,
  `content` longtext COLLATE utf8_unicode_ci,
  `status` int(11) NOT NULL,
  `keyword` longtext COLLATE utf8_unicode_ci,
  `description` longtext COLLATE utf8_unicode_ci,
  `stt` int(11) NOT NULL,
  `created_at` timestamp NOT NULL DEFAULT '0000-00-00 00:00:00',
  `updated_at` timestamp NOT NULL DEFAULT '0000-00-00 00:00:00'
) ENGINE=MyISAM DEFAULT CHARSET=utf8 COLLATE=utf8_unicode_ci;

-- --------------------------------------------------------

--
-- Cấu trúc bảng cho bảng `contacts`
--

CREATE TABLE `contacts` (
  `id` int(11) NOT NULL,
  `name` varchar(255) DEFAULT NULL,
  `email` varchar(255) CHARACTER SET latin1 DEFAULT NULL,
  `phone` varchar(11) CHARACTER SET latin1 DEFAULT NULL,
  `content` text CHARACTER SET latin1,
  `status` tinyint(2) DEFAULT '0',
  `created_at` timestamp NOT NULL DEFAULT CURRENT_TIMESTAMP,
  `updated_at` timestamp NOT NULL DEFAULT '0000-00-00 00:00:00'
) ENGINE=InnoDB DEFAULT CHARSET=utf8;

--
-- Đang đổ dữ liệu cho bảng `contacts`
--

INSERT INTO `contacts` (`id`, `name`, `email`, `phone`, `content`, `status`, `created_at`, `updated_at`) VALUES
(8, 'Hoàng Hồng Chương', 'admin@team.vn', NULL, 'fgfg', 0, '2018-03-13 21:13:52', '2018-03-13 21:13:58');

-- --------------------------------------------------------

--
-- Cấu trúc bảng cho bảng `counter`
--

CREATE TABLE `counter` (
  `id` int(10) UNSIGNED NOT NULL,
  `tm` int(11) NOT NULL,
  `ip` varchar(255) COLLATE utf8_unicode_ci NOT NULL
) ENGINE=MyISAM DEFAULT CHARSET=utf8 COLLATE=utf8_unicode_ci;

-- --------------------------------------------------------

--
-- Cấu trúc bảng cho bảng `district`
--

CREATE TABLE `district` (
  `id` int(11) NOT NULL,
  `district_name` varchar(250) DEFAULT NULL,
  `province_id` int(11) DEFAULT NULL,
  `created_at` timestamp NOT NULL DEFAULT CURRENT_TIMESTAMP ON UPDATE CURRENT_TIMESTAMP,
  `updated_at` timestamp NOT NULL DEFAULT '0000-00-00 00:00:00'
) ENGINE=InnoDB DEFAULT CHARSET=utf8;

--
-- Đang đổ dữ liệu cho bảng `district`
--

INSERT INTO `district` (`id`, `district_name`, `province_id`, `created_at`, `updated_at`) VALUES
(1, 'Ba Đình', 4, '2017-09-24 18:03:47', '2017-09-24 18:03:47'),
(2, 'Từ Liêm', 4, '2017-09-24 18:04:29', '2017-09-24 18:04:29'),
(3, 'Hoàn Kiếm', 4, '2017-09-24 18:04:40', '2017-09-24 18:04:40'),
(4, 'Cầu giấy', 4, '2017-09-25 00:14:58', '2017-09-25 00:14:58');

-- --------------------------------------------------------

--
-- Cấu trúc bảng cho bảng `feedback`
--

CREATE TABLE `feedback` (
  `id` int(11) NOT NULL,
  `name` varchar(250) DEFAULT NULL,
  `photo` text,
  `position` varchar(250) DEFAULT NULL,
  `content` text,
  `created_at` timestamp NULL DEFAULT CURRENT_TIMESTAMP ON UPDATE CURRENT_TIMESTAMP,
  `updated_at` timestamp NULL DEFAULT NULL ON UPDATE CURRENT_TIMESTAMP
) ENGINE=InnoDB DEFAULT CHARSET=utf8;

--
-- Đang đổ dữ liệu cho bảng `feedback`
--

INSERT INTO `feedback` (`id`, `name`, `photo`, `position`, `content`, `created_at`, `updated_at`) VALUES
(1, 'Mr Lee', '1520999580_creative-member-1.jpg', 'Thiết kế', '<p>Lorem ipsum dolor sit amet, consectetur adipiscing elit. Integer condimentum</p>', '2018-03-14 03:53:00', '2018-03-13 20:53:00'),
(2, 'Martin Jerry', '1520999607_creative-member-2.jpg', 'Thiết kế', '<div class=\"member-text\">\r\n<p>Lorem ipsum dolor sit amet, consectetur adipiscing elit. Integer condimentum</p>\r\n</div>\r\n<div class=\"member-icon\">&nbsp;&nbsp;&nbsp;</div>', '2018-03-14 03:53:27', '2018-03-13 20:53:27'),
(3, 'Danny Luis', '1520999629_creative-member-4.jpg', 'Thiết kế', '<div class=\"member-text\">\r\n<p>Lorem ipsum dolor sit amet, consectetur adipiscing elit. Integer condimentum</p>\r\n</div>\r\n<div class=\"member-icon\">&nbsp;&nbsp;&nbsp;</div>', '2018-03-14 03:53:49', '2018-03-13 20:53:49'),
(4, 'Michael Jhonson', '1520999596_creative-member-3.jpg', 'Thiết kế', '<div class=\"member-text\">\r\n<p>Lorem ipsum dolor sit amet, consectetur adipiscing elit. Integer condimentum</p>\r\n</div>\r\n<div class=\"member-icon\">&nbsp;&nbsp;&nbsp;</div>', '2018-03-14 03:53:16', '2018-03-13 20:53:16');

-- --------------------------------------------------------

--
-- Cấu trúc bảng cho bảng `footer`
--

CREATE TABLE `footer` (
  `id` int(10) UNSIGNED NOT NULL,
  `name` text COLLATE utf8_unicode_ci NOT NULL,
  `title` text COLLATE utf8_unicode_ci NOT NULL,
  `photo` text COLLATE utf8_unicode_ci,
  `codemap` longtext COLLATE utf8_unicode_ci,
  `desc` longtext COLLATE utf8_unicode_ci,
  `content` longtext COLLATE utf8_unicode_ci,
  `status` int(11) NOT NULL,
  `stt` int(11) NOT NULL
) ENGINE=MyISAM DEFAULT CHARSET=utf8 COLLATE=utf8_unicode_ci;

-- --------------------------------------------------------

--
-- Cấu trúc bảng cho bảng `gioithieu`
--

CREATE TABLE `gioithieu` (
  `id` int(11) NOT NULL,
  `name` varchar(250) DEFAULT NULL,
  `alias` varchar(250) DEFAULT NULL,
  `image` text,
  `mota` text,
  `content` text,
  `title` varchar(250) DEFAULT NULL,
  `keyword` varchar(250) DEFAULT NULL,
  `description` text,
  `status` int(2) DEFAULT '1',
  `created_at` timestamp NOT NULL DEFAULT CURRENT_TIMESTAMP ON UPDATE CURRENT_TIMESTAMP,
  `updated_at` timestamp NOT NULL DEFAULT '0000-00-00 00:00:00'
) ENGINE=InnoDB DEFAULT CHARSET=utf8;

--
-- Đang đổ dữ liệu cho bảng `gioithieu`
--

INSERT INTO `gioithieu` (`id`, `name`, `alias`, `image`, `mota`, `content`, `title`, `keyword`, `description`, `status`, `created_at`, `updated_at`) VALUES
(1, 'Về công ty', 've-cong-ty', '1509935372_home-1.png', '<h3 class=\"vk-about__title text-uppercase animation fadeIn animation-active\">C&Ocirc;NG TY TNHH SẢN XUẤT NHỰA CH&Acirc;U &Acirc;U</h3>\r\n<p class=\"animation fadeIn delay1 animation-active\">B&ecirc;n cạnh việc sản xuất, ch&uacute;ng t&ocirc;i c&ograve;n nhập khẩu v&agrave; ph&acirc;n phối c&aacute;c sản phẩm như: phụ kiện HDPE h&agrave;n nối đầu, phụ kiện HDPE h&agrave;n điện trở, c&aacute;c loại m&aacute;y h&agrave;n ống nhựa HDPE, m&aacute;y thử &aacute;p lực&hellip;</p>', '<p class=\"animation fadeIn animation-active\">B&ecirc;n cạnh việc sản xuất, ch&uacute;ng t&ocirc;i c&ograve;n nhập khẩu v&agrave; ph&acirc;n phối c&aacute;c sản phẩm như: phụ kiện HDPE h&agrave;n nối đầu, phụ kiện HDPE h&agrave;n điện trở, c&aacute;c loại m&aacute;y h&agrave;n ống nhựa HDPE, m&aacute;y thử &aacute;p lực&hellip;</p>\r\n<p class=\"animation fadeIn animation-active\">Tại C&ocirc;ng ty TNHH sản xuất nhựa Ch&acirc;u &Acirc;u ch&uacute;ng t&ocirc;i tin tưởng rằng chỉ c&oacute; nghi&ecirc;m ngặt tu&acirc;n theo quy tr&igrave;nh quản l&yacute; chất lượng để tạo ra những sản phẩm đạt chất lượng cao v&agrave; dịch vụ tốt, ch&uacute;ng t&ocirc;i mới chiếm được l&ograve;ng tin của kh&aacute;ch h&agrave;ng đồng thời x&aacute;c lập vị tr&iacute; của m&igrave;nh tr&ecirc;n thị trường, để người Việt c&oacute; thể tin d&ugrave;ng h&agrave;ng Việt</p>\r\n<div class=\"row\">\r\n<div class=\"col-lg-9\">\r\n<p class=\"animation fadeIn delay1 animation-active\"><strong>Lịch sử h&igrave;nh th&agrave;nh</strong></p>\r\n<p class=\"animation fadeIn delay1 animation-active\">C&ocirc;ng ty TNHH Thiết Bị Điện Nước H&agrave; Th&agrave;nh được ch&iacute;nh thức th&agrave;nh lập v&agrave; đi v&agrave;o hoạt động từ th&aacute;ng 3 năm 2009. Ng&agrave;nh nghề ch&iacute;nh của ch&uacute;ng t&ocirc;i l&agrave; sản xuất thiết bị điện nước mang thương hiệu HATHACO. Nh&agrave; m&aacute;y sản xuất phụ kiện ống nhựa HDPE đặt tại Th&agrave;nh phố Hải Dương. Với nhiều m&aacute;y &eacute;p phun, m&aacute;y &eacute;p gioăng cao su v&agrave; hơn 200 bộ khu&ocirc;n sản phẩm kh&aacute;c nhau, ch&uacute;ng t&ocirc;i đ&atilde; v&agrave; đang sản xuất cung cấp cho thị trường c&aacute;c loại phụ kiện HDPE vặn ren v&agrave; đai khởi thủy k&iacute;ch thước từ D20 đến D110 mang thương hiệu HATHACO đạt ti&ecirc;u chuẩn Dụng cụ bằng nhựa tiếp x&uacute;c trực tiếp thực phẩm của Bộ Y Tế: QCVN 12-1:2011/BYT v&agrave; tu&acirc;n theo Quy tr&igrave;nh quản l&yacute; chất lượng TCVN ISO 9001:2008.</p>\r\n<p class=\"animation fadeIn delay1 animation-active\">B&ecirc;n cạnh việc sản xuất, ch&uacute;ng t&ocirc;i c&ograve;n nhập khẩu v&agrave; ph&acirc;n phối c&aacute;c sản phẩm như: phụ kiện HDPE h&agrave;n nối đầu, phụ kiện HDPE h&agrave;n điện trở, c&aacute;c loại m&aacute;y h&agrave;n ống nhựa HDPE, m&aacute;y thử &aacute;p lực&hellip;</p>\r\n</div>\r\n</div>', NULL, NULL, NULL, 1, '2017-11-06 02:33:45', '2017-11-05 19:33:45'),
(2, 'Về nhà xưởng', 've-nha-xuong', NULL, NULL, '<p class=\"animation fadeIn animation-active\">B&ecirc;n cạnh việc sản xuất, ch&uacute;ng t&ocirc;i c&ograve;n nhập khẩu v&agrave; ph&acirc;n phối c&aacute;c sản phẩm như: phụ kiện HDPE h&agrave;n nối đầu, phụ kiện HDPE h&agrave;n điện trở, c&aacute;c loại m&aacute;y h&agrave;n ống nhựa HDPE, m&aacute;y thử &aacute;p lực&hellip;</p>\r\n<p class=\"animation fadeIn animation-active\">Tại C&ocirc;ng ty TNHH sản xuất nhựa Ch&acirc;u &Acirc;u ch&uacute;ng t&ocirc;i tin tưởng rằng chỉ c&oacute; nghi&ecirc;m ngặt tu&acirc;n theo quy tr&igrave;nh quản l&yacute; chất lượng để tạo ra những sản phẩm đạt chất lượng cao v&agrave; dịch vụ tốt, ch&uacute;ng t&ocirc;i mới chiếm được l&ograve;ng tin của kh&aacute;ch h&agrave;ng đồng thời x&aacute;c lập vị tr&iacute; của m&igrave;nh tr&ecirc;n thị trường, để người Việt c&oacute; thể tin d&ugrave;ng h&agrave;ng Việt</p>\r\n<div class=\"row\">\r\n<div class=\"col-lg-9\">\r\n<p class=\"animation fadeIn delay1 animation-active\"><strong>Lịch sử h&igrave;nh th&agrave;nh</strong></p>\r\n<p class=\"animation fadeIn delay1 animation-active\">C&ocirc;ng ty TNHH Thiết Bị Điện Nước H&agrave; Th&agrave;nh được ch&iacute;nh thức th&agrave;nh lập v&agrave; đi v&agrave;o hoạt động từ th&aacute;ng 3 năm 2009. Ng&agrave;nh nghề ch&iacute;nh của ch&uacute;ng t&ocirc;i l&agrave; sản xuất thiết bị điện nước mang thương hiệu HATHACO. Nh&agrave; m&aacute;y sản xuất phụ kiện ống nhựa HDPE đặt tại Th&agrave;nh phố Hải Dương. Với nhiều m&aacute;y &eacute;p phun, m&aacute;y &eacute;p gioăng cao su v&agrave; hơn 200 bộ khu&ocirc;n sản phẩm kh&aacute;c nhau, ch&uacute;ng t&ocirc;i đ&atilde; v&agrave; đang sản xuất cung cấp cho thị trường c&aacute;c loại phụ kiện HDPE vặn ren v&agrave; đai khởi thủy k&iacute;ch thước từ D20 đến D110 mang thương hiệu HATHACO đạt ti&ecirc;u chuẩn Dụng cụ bằng nhựa tiếp x&uacute;c trực tiếp thực phẩm của Bộ Y Tế: QCVN 12-1:2011/BYT v&agrave; tu&acirc;n theo Quy tr&igrave;nh quản l&yacute; chất lượng TCVN ISO 9001:2008.</p>\r\n<p class=\"animation fadeIn delay1 animation-active\">B&ecirc;n cạnh việc sản xuất, ch&uacute;ng t&ocirc;i c&ograve;n nhập khẩu v&agrave; ph&acirc;n phối c&aacute;c sản phẩm như: phụ kiện HDPE h&agrave;n nối đầu, phụ kiện HDPE h&agrave;n điện trở, c&aacute;c loại m&aacute;y h&agrave;n ống nhựa HDPE, m&aacute;y thử &aacute;p lực&hellip;</p>\r\n</div>\r\n</div>', NULL, NULL, NULL, 1, '2017-11-08 02:12:34', '2017-11-07 19:12:34'),
(3, 'Về chi nhánh', 've-chi-nhanh', NULL, NULL, '<p class=\"animation fadeIn animation-active\">B&ecirc;n cạnh việc sản xuất, ch&uacute;ng t&ocirc;i c&ograve;n nhập khẩu v&agrave; ph&acirc;n phối c&aacute;c sản phẩm như: phụ kiện HDPE h&agrave;n nối đầu, phụ kiện HDPE h&agrave;n điện trở, c&aacute;c loại m&aacute;y h&agrave;n ống nhựa HDPE, m&aacute;y thử &aacute;p lực&hellip;</p>\r\n<p class=\"animation fadeIn animation-active\">Tại C&ocirc;ng ty TNHH sản xuất nhựa Ch&acirc;u &Acirc;u ch&uacute;ng t&ocirc;i tin tưởng rằng chỉ c&oacute; nghi&ecirc;m ngặt tu&acirc;n theo quy tr&igrave;nh quản l&yacute; chất lượng để tạo ra những sản phẩm đạt chất lượng cao v&agrave; dịch vụ tốt, ch&uacute;ng t&ocirc;i mới chiếm được l&ograve;ng tin của kh&aacute;ch h&agrave;ng đồng thời x&aacute;c lập vị tr&iacute; của m&igrave;nh tr&ecirc;n thị trường, để người Việt c&oacute; thể tin d&ugrave;ng h&agrave;ng Việt</p>\r\n<div class=\"row\">\r\n<div class=\"col-lg-9\">\r\n<p class=\"animation fadeIn delay1 animation-active\"><strong>Lịch sử h&igrave;nh th&agrave;nh</strong></p>\r\n<p class=\"animation fadeIn delay1 animation-active\">C&ocirc;ng ty TNHH Thiết Bị Điện Nước H&agrave; Th&agrave;nh được ch&iacute;nh thức th&agrave;nh lập v&agrave; đi v&agrave;o hoạt động từ th&aacute;ng 3 năm 2009. Ng&agrave;nh nghề ch&iacute;nh của ch&uacute;ng t&ocirc;i l&agrave; sản xuất thiết bị điện nước mang thương hiệu HATHACO. Nh&agrave; m&aacute;y sản xuất phụ kiện ống nhựa HDPE đặt tại Th&agrave;nh phố Hải Dương. Với nhiều m&aacute;y &eacute;p phun, m&aacute;y &eacute;p gioăng cao su v&agrave; hơn 200 bộ khu&ocirc;n sản phẩm kh&aacute;c nhau, ch&uacute;ng t&ocirc;i đ&atilde; v&agrave; đang sản xuất cung cấp cho thị trường c&aacute;c loại phụ kiện HDPE vặn ren v&agrave; đai khởi thủy k&iacute;ch thước từ D20 đến D110 mang thương hiệu HATHACO đạt ti&ecirc;u chuẩn Dụng cụ bằng nhựa tiếp x&uacute;c trực tiếp thực phẩm của Bộ Y Tế: QCVN 12-1:2011/BYT v&agrave; tu&acirc;n theo Quy tr&igrave;nh quản l&yacute; chất lượng TCVN ISO 9001:2008.</p>\r\n<p class=\"animation fadeIn delay1 animation-active\">B&ecirc;n cạnh việc sản xuất, ch&uacute;ng t&ocirc;i c&ograve;n nhập khẩu v&agrave; ph&acirc;n phối c&aacute;c sản phẩm như: phụ kiện HDPE h&agrave;n nối đầu, phụ kiện HDPE h&agrave;n điện trở, c&aacute;c loại m&aacute;y h&agrave;n ống nhựa HDPE, m&aacute;y thử &aacute;p lực&hellip;</p>\r\n</div>\r\n</div>', 'Chi nhánh', 'chi nhánh', 'sf s', 1, '2017-11-08 02:12:39', '2017-11-07 19:12:39');

-- --------------------------------------------------------

--
-- Cấu trúc bảng cho bảng `images`
--

CREATE TABLE `images` (
  `id` int(10) UNSIGNED NOT NULL,
  `product_id` int(10) UNSIGNED NOT NULL DEFAULT '0',
  `name` varchar(255) COLLATE utf8_unicode_ci DEFAULT NULL,
  `alias` varchar(255) COLLATE utf8_unicode_ci DEFAULT NULL,
  `photo` text COLLATE utf8_unicode_ci,
  `status` int(11) NOT NULL DEFAULT '1',
  `image_path` varchar(255) COLLATE utf8_unicode_ci DEFAULT NULL,
  `alt` varchar(255) COLLATE utf8_unicode_ci DEFAULT NULL,
  `stt` int(11) NOT NULL DEFAULT '0',
  `created_at` timestamp NOT NULL DEFAULT CURRENT_TIMESTAMP ON UPDATE CURRENT_TIMESTAMP,
  `updated_at` timestamp NOT NULL DEFAULT CURRENT_TIMESTAMP
) ENGINE=MyISAM DEFAULT CHARSET=utf8 COLLATE=utf8_unicode_ci;

--
-- Đang đổ dữ liệu cho bảng `images`
--

INSERT INTO `images` (`id`, `product_id`, `name`, `alias`, `photo`, `status`, `image_path`, `alt`, `stt`, `created_at`, `updated_at`) VALUES
(1, 16, NULL, NULL, '1502966468_noithatnhaodep4.png', 1, NULL, NULL, 0, '2017-08-17 10:41:08', '0000-00-00 00:00:00'),
(40, 8, NULL, NULL, '1508820555_upload_4a649361ca15483b908c96246915f175_large.jpg', 1, NULL, NULL, 0, '2017-10-24 04:49:15', '2017-10-24 04:49:15'),
(90, 4, NULL, NULL, '1521003113_cap-1.jpg', 1, NULL, NULL, 0, '2018-03-14 04:51:53', '2018-03-14 04:51:53'),
(94, 7, NULL, NULL, '1521003171_bg-c-2.jpg', 1, NULL, NULL, 0, '2018-03-14 04:52:51', '2018-03-14 04:52:51'),
(91, 6, NULL, NULL, '1521003145_bg-c-2.jpg', 1, NULL, NULL, 0, '2018-03-14 04:52:25', '2018-03-14 04:52:25'),
(97, 9, NULL, NULL, '1521022049_shoes-p.jpg', 1, NULL, NULL, 0, '2018-03-14 10:07:29', '2018-03-14 10:07:29'),
(67, 19, NULL, NULL, '1509934468_shop-item-8.png', 1, NULL, NULL, 0, '2017-11-06 02:14:28', '2017-11-06 02:14:28'),
(70, 18, NULL, NULL, '1509934520_shop-item-4.png', 1, NULL, NULL, 0, '2017-11-06 02:15:20', '2017-11-06 02:15:20'),
(73, 17, NULL, NULL, '1509934544_shop-item-9.png', 1, NULL, NULL, 0, '2017-11-06 02:15:44', '2017-11-06 02:15:44'),
(78, 14, NULL, NULL, '1509934584_shop-item-10.png', 1, NULL, NULL, 0, '2017-11-06 02:16:24', '2017-11-06 02:16:24'),
(77, 14, NULL, NULL, '1509934584_shop-item-9.png', 1, NULL, NULL, 0, '2017-11-06 02:16:24', '2017-11-06 02:16:24'),
(76, 14, NULL, NULL, '1509934584_shop-item-8.png', 1, NULL, NULL, 0, '2017-11-06 02:16:24', '2017-11-06 02:16:24'),
(80, 1, NULL, NULL, '1521003014_2.jpg', 1, NULL, NULL, 0, '2018-03-14 04:50:14', '2018-03-14 04:50:14'),
(89, 4, NULL, NULL, '1521003113_bg-c-2.jpg', 1, NULL, NULL, 0, '2018-03-14 04:51:53', '2018-03-14 04:51:53'),
(88, 4, NULL, NULL, '1521003113_bg-c-1.jpg', 1, NULL, NULL, 0, '2018-03-14 04:51:53', '2018-03-14 04:51:53'),
(79, 1, NULL, NULL, '1521003014_1.jpg', 1, NULL, NULL, 0, '2018-03-14 04:50:14', '2018-03-14 04:50:14'),
(82, 2, NULL, NULL, '1521003043_2.jpg', 1, NULL, NULL, 0, '2018-03-14 04:50:43', '2018-03-14 04:50:43'),
(83, 2, NULL, NULL, '1521003043_3.jpg', 1, NULL, NULL, 0, '2018-03-14 04:50:43', '2018-03-14 04:50:43'),
(68, 19, NULL, NULL, '1509934468_shop-item-9.png', 1, NULL, NULL, 0, '2017-11-06 02:14:28', '2017-11-06 02:14:28'),
(69, 19, NULL, NULL, '1509934468_shop-item-10.png', 1, NULL, NULL, 0, '2017-11-06 02:14:28', '2017-11-06 02:14:28'),
(71, 18, NULL, NULL, '1509934520_shop-item-5.png', 1, NULL, NULL, 0, '2017-11-06 02:15:20', '2017-11-06 02:15:20'),
(72, 18, NULL, NULL, '1509934520_shop-item-10.png', 1, NULL, NULL, 0, '2017-11-06 02:15:20', '2017-11-06 02:15:20'),
(74, 17, NULL, NULL, '1509934544_shop-item-10.png', 1, NULL, NULL, 0, '2017-11-06 02:15:44', '2017-11-06 02:15:44'),
(75, 17, NULL, NULL, '1509934544_shop-item-12.png', 1, NULL, NULL, 0, '2017-11-06 02:15:44', '2017-11-06 02:15:44'),
(81, 1, NULL, NULL, '1521003014_3.jpg', 1, NULL, NULL, 0, '2018-03-14 04:50:14', '2018-03-14 04:50:14'),
(84, 2, NULL, NULL, '1521003043_4.jpg', 1, NULL, NULL, 0, '2018-03-14 04:50:43', '2018-03-14 04:50:43'),
(85, 3, NULL, NULL, '1521003076_2.jpg', 1, NULL, NULL, 0, '2018-03-14 04:51:16', '2018-03-14 04:51:16'),
(86, 3, NULL, NULL, '1521003076_3.jpg', 1, NULL, NULL, 0, '2018-03-14 04:51:16', '2018-03-14 04:51:16'),
(87, 3, NULL, NULL, '1521003076_bbb-1.jpg', 1, NULL, NULL, 0, '2018-03-14 04:51:16', '2018-03-14 04:51:16'),
(92, 6, NULL, NULL, '1521003145_cap-1.jpg', 1, NULL, NULL, 0, '2018-03-14 04:52:25', '2018-03-14 04:52:25'),
(93, 6, NULL, NULL, '1521003145_cap-2.jpg', 1, NULL, NULL, 0, '2018-03-14 04:52:25', '2018-03-14 04:52:25'),
(95, 7, NULL, NULL, '1521003171_cap-1.jpg', 1, NULL, NULL, 0, '2018-03-14 04:52:51', '2018-03-14 04:52:51'),
(96, 7, NULL, NULL, '1521003171_hat-1.jpg', 1, NULL, NULL, 0, '2018-03-14 04:52:51', '2018-03-14 04:52:51');

-- --------------------------------------------------------

--
-- Cấu trúc bảng cho bảng `lienket`
--

CREATE TABLE `lienket` (
  `id` int(10) UNSIGNED NOT NULL,
  `user_id` int(11) NOT NULL,
  `name` text COLLATE utf8_unicode_ci NOT NULL,
  `link` text COLLATE utf8_unicode_ci,
  `photo` text COLLATE utf8_unicode_ci,
  `mota` longtext COLLATE utf8_unicode_ci,
  `content` longtext COLLATE utf8_unicode_ci,
  `status` int(11) NOT NULL DEFAULT '1',
  `noibat` int(11) NOT NULL DEFAULT '0',
  `com` text COLLATE utf8_unicode_ci,
  `stt` int(11) NOT NULL,
  `created_at` timestamp NOT NULL DEFAULT CURRENT_TIMESTAMP ON UPDATE CURRENT_TIMESTAMP,
  `updated_at` timestamp NOT NULL DEFAULT '0000-00-00 00:00:00'
) ENGINE=MyISAM DEFAULT CHARSET=utf8 COLLATE=utf8_unicode_ci;

--
-- Đang đổ dữ liệu cho bảng `lienket`
--

INSERT INTO `lienket` (`id`, `user_id`, `name`, `link`, `photo`, `mota`, `content`, `status`, `noibat`, `com`, `stt`, `created_at`, `updated_at`) VALUES
(4, 5, 'Slider 1', NULL, '1503972273_banner.png', NULL, NULL, 1, 0, 'slider', 1, '2017-08-29 02:04:33', '2017-08-28 19:04:33'),
(5, 5, 'Slider 2', 'http://gco.vn/', '1503972281_banner.png', NULL, NULL, 1, 0, 'slider', 2, '2017-08-29 02:04:41', '2017-08-28 19:04:41'),
(8, 5, 'Chị Thanh Lam', NULL, '1504774299_relation-3.png', NULL, NULL, 1, 0, 'cam-nhan', 1, '2017-09-07 08:51:40', '2017-09-07 01:51:40'),
(9, 5, 'Chị Lê Thu Thủy', 'http://gco.vn/', '1504774309_relation-4.png', NULL, NULL, 1, 0, 'cam-nhan', 2, '2017-09-07 08:51:49', '2017-09-07 01:51:49'),
(10, 5, 'Chị Khánh Ngọc', NULL, '1504774321_relation-1.png', NULL, NULL, 1, 0, 'cam-nhan', 3, '2017-09-07 08:52:01', '2017-09-07 01:52:01'),
(11, 5, 'Anh Tuấn Lâm Nhã', NULL, '1504774330_relation-2.png', NULL, NULL, 1, 0, 'cam-nhan', 4, '2017-09-07 08:52:10', '2017-09-07 01:52:10'),
(16, 5, 'Chi nhánh Hà Nội', 'https://www.google.com/maps/embed?pb=!1m18!1m12!1m3!1d3724.761607615941!2d105.82071311450424!3d21.00219108601282!2m3!1f0!2f0!3f0!3m2!1i1024!2i768!4f13.1!3m3!1m2!1s0x3135ac83e47ecaa9%3A0x110275dc966aadd8!2sToyota+Thanh+Xu%C3%A2n!5e0!3m2!1svi!2s!4v1504085273578', '1502782745_bv3.jpg', 'Số 65 Cửa Bắc, Phường Trúc Bạch, Quận Ba Đình', '<p>X&atilde; Trưng Trắc, Huyện Văn L&acirc;m, Tỉnh Hưng Y&ecirc;n&nbsp;<br />Tel: (0321)3997151&nbsp;<br />Fax: (0321) 3997152&nbsp;<br />Email: chauhungjsc@hn.vnn.vn</p>', 1, 0, 'chi-nhanh', 1, '2017-09-05 09:34:50', '2017-09-05 02:34:50'),
(17, 5, 'Chi nhánh HCM', 'https://www.google.com/maps/embed?pb=!1m18!1m12!1m3!1d3724.761607615941!2d105.82071311450424!3d21.00219108601282!2m3!1f0!2f0!3f0!3m2!1i1024!2i768!4f13.1!3m3!1m2!1s0x3135ac83e47ecaa9%3A0x110275dc966aadd8!2sToyota+Thanh+Xu%C3%A2n!5e0!3m2!1svi!2s!4v1504085273578', '1502782773_bv1.jpg', '85 Nguyễn Thị Thập(Khu dân cư Himlam, Phường Tân Hưng) Quận 7', '<p>144 Khuất Duy Tiến, P. Nh&acirc;n Ch&iacute;nh, Q. Thanh Xu&acirc;n, HN<br />Tel: (0321)3997151&nbsp;<br />Fax: (0321) 3997152&nbsp;</p>', 1, 0, 'chi-nhanh', 2, '2017-09-05 09:35:59', '2017-09-05 02:35:59'),
(25, 5, 'Đối tác 1', 'http://gco.vn/', '1503974583_dt3.png', NULL, NULL, 1, 0, 'doi-tac', 1, '2017-08-28 19:43:03', '2017-08-28 19:43:03'),
(26, 5, 'Đối tác 2', NULL, '1503974601_dt2.png', NULL, NULL, 1, 0, 'doi-tac', 2, '2017-08-28 19:43:21', '2017-08-28 19:43:21'),
(27, 5, 'Đối tác 3', NULL, '1503974611_dt4.png', NULL, NULL, 1, 0, 'doi-tac', 3, '2017-08-28 19:43:31', '2017-08-28 19:43:31'),
(28, 5, 'Đối tác 4', NULL, '1503974620_dt1.png', NULL, NULL, 1, 0, 'doi-tac', 4, '2017-08-28 19:43:40', '2017-08-28 19:43:40'),
(29, 5, 'Đối tác 5', 'http://gco.vn/', '1503974634_dt5.png', NULL, NULL, 1, 0, 'doi-tac', 5, '2017-08-28 19:43:54', '2017-08-28 19:43:54'),
(35, 5, 'Hình 1', 'http://gco.vn/', '1504230555_1.jpg', NULL, NULL, 1, 0, 'gioi-thieu', 1, '2017-08-31 18:49:15', '2017-08-31 18:49:15'),
(36, 5, 'Hình ảnh 2', NULL, '1504230566_2.jpg', NULL, NULL, 1, 0, 'gioi-thieu', 2, '2017-08-31 18:49:26', '2017-08-31 18:49:26'),
(38, 5, 'Tiêu chí 1', NULL, '', 'Áp dụng ngay các phương pháp giảm cân, tăng cơ được biên soạn chuyên nghiệp đã áp dụng thành công cho nhiều ngôi sao và doanh nhân.', NULL, 1, 0, 'tieu-chi', 1, '2017-09-05 03:05:01', '2017-09-05 03:05:01'),
(39, 5, 'Tiêu chí 2', NULL, '', 'Áp dụng ngay các phương pháp giảm cân, tăng cơ được biên soạn chuyên nghiệp đã áp dụng thành công cho nhiều ngôi sao và doanh nhân.', NULL, 1, 0, 'tieu-chi', 2, '2017-09-05 03:05:10', '2017-09-05 03:05:10'),
(40, 5, 'Tiêu chí 3', NULL, '', 'Áp dụng ngay các phương pháp giảm cân, tăng cơ được biên soạn chuyên nghiệp đã áp dụng thành công cho nhiều ngôi sao và doanh nhân.', NULL, 1, 0, 'tieu-chi', 3, '2017-09-05 03:05:22', '2017-09-05 03:05:22'),
(41, 5, 'Tiêu chí 4', NULL, '', 'Áp dụng ngay các phương pháp giảm cân, tăng cơ được biên soạn chuyên nghiệp đã áp dụng thành công cho nhiều ngôi sao và doanh nhân.', NULL, 1, 0, 'tieu-chi', 4, '2017-09-05 03:05:31', '2017-09-05 03:05:31'),
(47, 5, 'Thời trang nam', 'http://localhost/classic/san-pham/quan-ao-nam', '1521088500_mens.png', 'Lorem ipsum dolor sit amet, consectetur adipisicing elit, sed do eiusmod tempor incididunt ut labore et dolore magna aliqua.', NULL, 1, 0, 'chuyen-muc', 2, '2018-03-14 21:35:00', '2018-03-14 21:35:00');

-- --------------------------------------------------------

--
-- Cấu trúc bảng cho bảng `menu`
--

CREATE TABLE `menu` (
  `id` int(10) UNSIGNED NOT NULL,
  `name` varchar(255) COLLATE utf8_unicode_ci NOT NULL,
  `alias` text COLLATE utf8_unicode_ci,
  `photo` varchar(255) COLLATE utf8_unicode_ci DEFAULT NULL,
  `status` int(11) NOT NULL DEFAULT '0',
  `lever` int(11) NOT NULL DEFAULT '0',
  `parent_id` int(11) NOT NULL DEFAULT '0',
  `title` text COLLATE utf8_unicode_ci,
  `keyword` longtext COLLATE utf8_unicode_ci,
  `description` longtext COLLATE utf8_unicode_ci,
  `com` text COLLATE utf8_unicode_ci,
  `stt` int(11) NOT NULL DEFAULT '0',
  `created_at` timestamp NOT NULL DEFAULT CURRENT_TIMESTAMP ON UPDATE CURRENT_TIMESTAMP,
  `updated_at` timestamp NOT NULL DEFAULT '0000-00-00 00:00:00'
) ENGINE=MyISAM DEFAULT CHARSET=utf8 COLLATE=utf8_unicode_ci;

--
-- Đang đổ dữ liệu cho bảng `menu`
--

INSERT INTO `menu` (`id`, `name`, `alias`, `photo`, `status`, `lever`, `parent_id`, `title`, `keyword`, `description`, `com`, `stt`, `created_at`, `updated_at`) VALUES
(3, 'Trang chủ', NULL, NULL, 1, 0, 0, NULL, NULL, NULL, 'menu-top', 1, '2017-08-24 04:42:40', '2017-08-23 21:42:40'),
(2, 'Giới thiệu', 'gioi-thieu', NULL, 1, 0, 0, NULL, NULL, NULL, 'menu-top', 2, '2017-09-01 01:33:58', '2017-08-31 18:33:58'),
(12, 'Sản phẩm', 'http://localhost/eu/san-pham', NULL, 1, 0, 0, NULL, NULL, NULL, 'menu-top', 3, '2017-11-08 02:41:38', '2017-11-07 19:41:38'),
(13, 'Tin tức', 'http://localhost/eu/tin-tuc', NULL, 1, 0, 0, NULL, NULL, NULL, 'menu-top', 6, '2017-11-08 03:44:27', '2017-11-07 20:44:27'),
(18, 'Bảng giá', 'http://localhost/eu/bang-gia', NULL, 1, 0, 0, NULL, NULL, NULL, 'menu-top', 4, '2017-11-08 01:54:33', '2017-11-07 18:54:33'),
(19, 'Chứng chỉ kĩ thuật', 'http://localhost/eu/chung-chi-ki-thuat', NULL, 1, 0, 0, NULL, NULL, NULL, 'menu-top', 5, '2017-11-08 01:13:44', '2017-11-07 18:13:44'),
(20, 'Về chi nhánh', 'http://localhost/eu/gioi-thieu/ve-chi-nhanh', NULL, 1, 0, 2, NULL, NULL, NULL, 'menu-top', 7, '2017-11-08 01:37:27', '2017-11-07 18:37:27'),
(21, 'Về nhà xưởng', 'http://localhost/eu/gioi-thieu/ve-nha-xuong', NULL, 1, 0, 2, NULL, NULL, NULL, 'menu-top', 8, '2017-11-07 18:15:34', '2017-11-07 18:15:34'),
(23, 'Hàng vặn ren', 'http://localhost/eu/san-pham/hang-van-ren', NULL, 1, 0, 12, NULL, NULL, NULL, 'menu-top', 9, '2017-11-07 18:43:17', '2017-11-07 18:43:17'),
(24, 'Đai khởi thủy', 'http://localhost/eu/san-pham/dai-khoi-thuy', NULL, 1, 0, 12, NULL, NULL, NULL, 'menu-top', 10, '2017-11-07 18:43:39', '2017-11-07 18:43:39'),
(25, 'Van', 'http://localhost/eu/san-pham/van', NULL, 1, 0, 12, NULL, NULL, NULL, 'menu-top', 11, '2017-11-07 18:43:54', '2017-11-07 18:43:54'),
(26, 'Phụ kiện HDPE hàn đối đầu', 'http://localhost/eu/san-pham/phu-kien-hdpe-han-doi-dau', NULL, 1, 0, 12, NULL, NULL, NULL, 'menu-top', 12, '2017-11-07 18:44:22', '2017-11-07 18:44:22'),
(27, 'Phụ kiện HDPE hàn điện trở', 'https://developer6.gco.vn/euplastic/san-pham/phu-kien-hdpe-han-dien-tro', NULL, 1, 0, 12, NULL, NULL, NULL, 'menu-top', 13, '2017-11-07 18:45:09', '2017-11-07 18:45:09'),
(28, 'Phụ kiện HDPE hàn lồng', 'http://localhost/eu/san-pham/phu-kien-hdpe-han-long', NULL, 1, 0, 12, NULL, NULL, NULL, 'menu-top', 14, '2017-11-07 18:45:43', '2017-11-07 18:45:43'),
(29, 'Bảng giá tại Hà Nội', 'http://localhost/eu/bang-gia/bang-gia-tai-ha-noi.html', NULL, 1, 0, 18, NULL, NULL, NULL, 'menu-top', 15, '2017-11-07 18:46:20', '2017-11-07 18:46:20'),
(30, 'Bảng giá tại TP.Hồ Chí Minh', 'http://localhost/eu/bang-gia/bang-gia-tai-tpho-chi-minh.html', NULL, 1, 0, 18, NULL, NULL, NULL, 'menu-top', 16, '2017-11-07 18:46:40', '2017-11-07 18:46:40'),
(31, 'Về công ty', 'http://localhost/eu/gioi-thieu/ve-cong-ty', NULL, 1, 0, 2, NULL, NULL, NULL, 'menu-top', 17, '2017-11-07 19:09:40', '2017-11-07 19:09:40');

-- --------------------------------------------------------

--
-- Cấu trúc bảng cho bảng `migrations`
--

CREATE TABLE `migrations` (
  `migration` varchar(255) COLLATE utf8_unicode_ci NOT NULL,
  `batch` int(11) NOT NULL
) ENGINE=MyISAM DEFAULT CHARSET=utf8 COLLATE=utf8_unicode_ci;

--
-- Đang đổ dữ liệu cho bảng `migrations`
--

INSERT INTO `migrations` (`migration`, `batch`) VALUES
('2014_10_12_000000_create_users_table', 1),
('2014_10_12_100000_create_password_resets_table', 1),
('2017_06_05_042524_create_products_table', 1),
('2017_06_05_045215_create_images_table', 1),
('2017_06_07_033057_create_news_categories_table', 1),
('2017_06_07_033135_create_news_table', 1),
('2017_06_07_033425_create_setting_table', 1),
('2017_06_07_033619_create_pages_table', 1),
('2017_06_07_033944_create_contact_table', 1),
('2017_06_07_034012_create_footer_table', 1),
('2017_06_07_034035_create_slider_table', 1),
('2017_06_07_034117_create_useronline_table', 1),
('2017_06_07_034335_create_order_table', 1),
('2017_06_07_034407_create_order_detail_table', 1),
('2017_06_07_034448_create_newsletter_table', 1),
('2017_06_07_034655_create_order_status_table', 1),
('2017_06_07_064339_create_counter_table', 1),
('2017_06_07_070934_create_partner_table', 1);

-- --------------------------------------------------------

--
-- Cấu trúc bảng cho bảng `news`
--

CREATE TABLE `news` (
  `id` int(10) UNSIGNED NOT NULL,
  `cate_id` int(10) UNSIGNED NOT NULL,
  `user_id` int(11) NOT NULL,
  `name` varchar(255) COLLATE utf8_unicode_ci NOT NULL,
  `alias` varchar(255) COLLATE utf8_unicode_ci NOT NULL,
  `photo` text COLLATE utf8_unicode_ci,
  `background` text COLLATE utf8_unicode_ci,
  `mota` longtext COLLATE utf8_unicode_ci,
  `content` longtext COLLATE utf8_unicode_ci,
  `status` int(11) NOT NULL,
  `noibat` int(11) DEFAULT '0',
  `title` text COLLATE utf8_unicode_ci,
  `keyword` longtext COLLATE utf8_unicode_ci,
  `description` longtext COLLATE utf8_unicode_ci,
  `com` text COLLATE utf8_unicode_ci,
  `stt` int(11) NOT NULL,
  `created_at` timestamp NOT NULL DEFAULT CURRENT_TIMESTAMP ON UPDATE CURRENT_TIMESTAMP,
  `updated_at` timestamp NOT NULL DEFAULT '0000-00-00 00:00:00'
) ENGINE=MyISAM DEFAULT CHARSET=utf8 COLLATE=utf8_unicode_ci;

--
-- Đang đổ dữ liệu cho bảng `news`
--

INSERT INTO `news` (`id`, `cate_id`, `user_id`, `name`, `alias`, `photo`, `background`, `mota`, `content`, `status`, `noibat`, `title`, `keyword`, `description`, `com`, `stt`, `created_at`, `updated_at`) VALUES
(1, 0, 5, 'Tin 1', 'tin-1', '1520998384_blog-1.jpg', '', NULL, '<div class=\"col-xs-12 col-sm-6 col-md-6\">\r\n<div class=\"about-pisces-desc\">\r\n<div class=\"about-text\">\r\n<div class=\"about-main-content\">\r\n<p>Lorem ipsum dolor sit amet, consectetuer adipiscing elit. Aenean commodo ligula eget dolor. Aenean massa. Cum sociis natoque penatibus et magnis dis parturient montes, nascetur ridiculus mus. Donec quam felis, ultricies nec, pellentesque eu, pretium quis, sem. Nulla consequat massa quis enim.Donec pede justo, fringilla vel,</p>\r\n</div>\r\n<div class=\"about-sub-text\">\r\n<p>Lorem ipsum dolor sit amet, consectetuer adipiscing elit. Aenean commodo ligula eget dolor. Aenean massa. Cum sociis natoque penatibus et magnis dis parturient montes</p>\r\n</div>\r\n</div>\r\n<div class=\"about-list\">\r\n<ul>\r\n<li>We Love Products That Work Perfectly And Look Beautiful.</li>\r\n<li>We Create Base On A Deeply Analysis Of Your Project.</li>\r\n<li>We Are Create Design With Really High Quality Standards.</li>\r\n</ul>\r\n</div>\r\n<div class=\"about-learn\">&nbsp;</div>\r\n</div>\r\n</div>\r\n<div class=\"col-xs-12 col-sm-6 col-md-6\">\r\n<div class=\"about-photo\"><img src=\"https://tpl.gco.vn/du-an-cong-ty/kho2018/classic/img/about-img.jpg\" alt=\"\" /></div>\r\n</div>', 1, 1, NULL, NULL, NULL, 'tin-tuc', 1, '2018-03-14 03:33:04', '2018-03-13 20:33:04'),
(2, 34, 5, 'blog 2', 'blog-2', '1520998397_blog-2.jpg', '', NULL, '<div class=\"col-xs-12 col-sm-6 col-md-6\">\r\n<div class=\"about-pisces-desc\">\r\n<div class=\"about-text\">\r\n<div class=\"about-main-content\">\r\n<p>Lorem ipsum dolor sit amet, consectetuer adipiscing elit. Aenean commodo ligula eget dolor. Aenean massa. Cum sociis natoque penatibus et magnis dis parturient montes, nascetur ridiculus mus. Donec quam felis, ultricies nec, pellentesque eu, pretium quis, sem. Nulla consequat massa quis enim.Donec pede justo, fringilla vel,</p>\r\n</div>\r\n<div class=\"about-sub-text\">\r\n<p>Lorem ipsum dolor sit amet, consectetuer adipiscing elit. Aenean commodo ligula eget dolor. Aenean massa. Cum sociis natoque penatibus et magnis dis parturient montes</p>\r\n</div>\r\n</div>\r\n<div class=\"about-list\">\r\n<ul>\r\n<li>We Love Products That Work Perfectly And Look Beautiful.</li>\r\n<li>We Create Base On A Deeply Analysis Of Your Project.</li>\r\n<li>We Are Create Design With Really High Quality Standards.</li>\r\n</ul>\r\n</div>\r\n<div class=\"about-learn\">&nbsp;</div>\r\n</div>\r\n</div>\r\n<div class=\"col-xs-12 col-sm-6 col-md-6\">\r\n<div class=\"about-photo\"><img src=\"https://tpl.gco.vn/du-an-cong-ty/kho2018/classic/img/about-img.jpg\" alt=\"\" /></div>\r\n</div>', 1, 1, NULL, NULL, NULL, 'tin-tuc', 2, '2018-03-14 03:33:23', '2018-03-13 20:33:23'),
(3, 38, 5, 'blog 3', 'blog-3', '1520998423_blog-3.jpg', '', NULL, '<div class=\"col-xs-12 col-sm-6 col-md-6\">\r\n<div class=\"about-pisces-desc\">\r\n<div class=\"about-text\">\r\n<div class=\"about-main-content\">\r\n<p>Lorem ipsum dolor sit amet, consectetuer adipiscing elit. Aenean commodo ligula eget dolor. Aenean massa. Cum sociis natoque penatibus et magnis dis parturient montes, nascetur ridiculus mus. Donec quam felis, ultricies nec, pellentesque eu, pretium quis, sem. Nulla consequat massa quis enim.Donec pede justo, fringilla vel,</p>\r\n</div>\r\n<div class=\"about-sub-text\">\r\n<p>Lorem ipsum dolor sit amet, consectetuer adipiscing elit. Aenean commodo ligula eget dolor. Aenean massa. Cum sociis natoque penatibus et magnis dis parturient montes</p>\r\n</div>\r\n</div>\r\n<div class=\"about-list\">\r\n<ul>\r\n<li>We Love Products That Work Perfectly And Look Beautiful.</li>\r\n<li>We Create Base On A Deeply Analysis Of Your Project.</li>\r\n<li>We Are Create Design With Really High Quality Standards.</li>\r\n</ul>\r\n</div>\r\n<div class=\"about-learn\">&nbsp;</div>\r\n</div>\r\n</div>\r\n<div class=\"col-xs-12 col-sm-6 col-md-6\">\r\n<div class=\"about-photo\"><img src=\"https://tpl.gco.vn/du-an-cong-ty/kho2018/classic/img/about-img.jpg\" alt=\"\" /></div>\r\n</div>', 1, 1, NULL, NULL, NULL, 'tin-tuc', 3, '2018-03-14 03:33:43', '2018-03-13 20:33:43'),
(4, 37, 5, 'blog4', 'blog4', '1520998460_blog-2.jpg', '', NULL, '<div class=\"col-xs-12 col-sm-6 col-md-6\">\r\n<div class=\"about-pisces-desc\">\r\n<div class=\"about-text\">\r\n<div class=\"about-main-content\">\r\n<p>Lorem ipsum dolor sit amet, consectetuer adipiscing elit. Aenean commodo ligula eget dolor. Aenean massa. Cum sociis natoque penatibus et magnis dis parturient montes, nascetur ridiculus mus. Donec quam felis, ultricies nec, pellentesque eu, pretium quis, sem. Nulla consequat massa quis enim.Donec pede justo, fringilla vel,</p>\r\n</div>\r\n<div class=\"about-sub-text\">\r\n<p>Lorem ipsum dolor sit amet, consectetuer adipiscing elit. Aenean commodo ligula eget dolor. Aenean massa. Cum sociis natoque penatibus et magnis dis parturient montes</p>\r\n</div>\r\n</div>\r\n<div class=\"about-list\">\r\n<ul>\r\n<li>We Love Products That Work Perfectly And Look Beautiful.</li>\r\n<li>We Create Base On A Deeply Analysis Of Your Project.</li>\r\n<li>We Are Create Design With Really High Quality Standards.</li>\r\n</ul>\r\n</div>\r\n<div class=\"about-learn\">&nbsp;</div>\r\n</div>\r\n</div>\r\n<div class=\"col-xs-12 col-sm-6 col-md-6\">\r\n<div class=\"about-photo\"><img src=\"https://tpl.gco.vn/du-an-cong-ty/kho2018/classic/img/about-img.jpg\" alt=\"\" /></div>\r\n</div>', 1, 1, NULL, NULL, NULL, 'tin-tuc', 4, '2018-03-14 03:34:20', '2018-03-13 20:34:20'),
(7, 0, 5, 'Tin tức 1', 'tin-tuc-1', '1520998468_blog-1.jpg', '', NULL, '<div class=\"col-xs-12 col-sm-6 col-md-6\">\r\n<div class=\"about-pisces-desc\">\r\n<div class=\"about-text\">\r\n<div class=\"about-main-content\">\r\n<p>Lorem ipsum dolor sit amet, consectetuer adipiscing elit. Aenean commodo ligula eget dolor. Aenean massa. Cum sociis natoque penatibus et magnis dis parturient montes, nascetur ridiculus mus. Donec quam felis, ultricies nec, pellentesque eu, pretium quis, sem. Nulla consequat massa quis enim.Donec pede justo, fringilla vel,</p>\r\n</div>\r\n<div class=\"about-sub-text\">\r\n<p>Lorem ipsum dolor sit amet, consectetuer adipiscing elit. Aenean commodo ligula eget dolor. Aenean massa. Cum sociis natoque penatibus et magnis dis parturient montes</p>\r\n</div>\r\n</div>\r\n<div class=\"about-list\">\r\n<ul>\r\n<li>We Love Products That Work Perfectly And Look Beautiful.</li>\r\n<li>We Create Base On A Deeply Analysis Of Your Project.</li>\r\n<li>We Are Create Design With Really High Quality Standards.</li>\r\n</ul>\r\n</div>\r\n<div class=\"about-learn\">&nbsp;</div>\r\n</div>\r\n</div>\r\n<div class=\"col-xs-12 col-sm-6 col-md-6\">\r\n<div class=\"about-photo\"><img src=\"https://tpl.gco.vn/du-an-cong-ty/kho2018/classic/img/about-img.jpg\" alt=\"\" /></div>\r\n</div>', 1, 1, NULL, NULL, NULL, 'tin-tuc', 0, '2018-03-14 03:34:32', '2018-03-13 20:34:32');

-- --------------------------------------------------------

--
-- Cấu trúc bảng cho bảng `newsletter`
--

CREATE TABLE `newsletter` (
  `id` int(10) UNSIGNED NOT NULL,
  `user_id` int(11) NOT NULL DEFAULT '0',
  `name` text COLLATE utf8_unicode_ci,
  `link` text COLLATE utf8_unicode_ci,
  `email` text COLLATE utf8_unicode_ci,
  `phone` text COLLATE utf8_unicode_ci,
  `photo` text COLLATE utf8_unicode_ci,
  `mota` longtext COLLATE utf8_unicode_ci,
  `content` longtext COLLATE utf8_unicode_ci,
  `status` int(11) NOT NULL DEFAULT '1',
  `noibat` int(11) NOT NULL DEFAULT '0',
  `com` text COLLATE utf8_unicode_ci,
  `stt` int(11) NOT NULL DEFAULT '0',
  `created_at` timestamp NOT NULL DEFAULT CURRENT_TIMESTAMP ON UPDATE CURRENT_TIMESTAMP,
  `updated_at` timestamp NOT NULL DEFAULT '0000-00-00 00:00:00'
) ENGINE=MyISAM DEFAULT CHARSET=utf8 COLLATE=utf8_unicode_ci;

--
-- Đang đổ dữ liệu cho bảng `newsletter`
--

INSERT INTO `newsletter` (`id`, `user_id`, `name`, `link`, `email`, `phone`, `photo`, `mota`, `content`, `status`, `noibat`, `com`, `stt`, `created_at`, `updated_at`) VALUES
(45, 0, NULL, NULL, 'chuonghoanghong@gmail.com', NULL, NULL, NULL, NULL, 1, 0, 'newsletter', 0, '2017-10-24 19:52:53', '2017-10-24 19:52:53');

-- --------------------------------------------------------

--
-- Cấu trúc bảng cho bảng `news_categories`
--

CREATE TABLE `news_categories` (
  `id` int(10) UNSIGNED NOT NULL,
  `name` varchar(255) COLLATE utf8_unicode_ci NOT NULL,
  `alias` varchar(255) COLLATE utf8_unicode_ci NOT NULL,
  `photo` varchar(255) COLLATE utf8_unicode_ci DEFAULT NULL,
  `mota` text COLLATE utf8_unicode_ci,
  `status` int(11) NOT NULL DEFAULT '0',
  `lever` int(11) NOT NULL DEFAULT '0',
  `parent_id` int(11) NOT NULL DEFAULT '0',
  `title` text COLLATE utf8_unicode_ci,
  `keyword` longtext COLLATE utf8_unicode_ci,
  `description` longtext COLLATE utf8_unicode_ci,
  `com` text COLLATE utf8_unicode_ci,
  `stt` int(11) NOT NULL DEFAULT '0',
  `created_at` timestamp NOT NULL DEFAULT CURRENT_TIMESTAMP ON UPDATE CURRENT_TIMESTAMP,
  `background` text COLLATE utf8_unicode_ci,
  `updated_at` timestamp NOT NULL DEFAULT '0000-00-00 00:00:00'
) ENGINE=MyISAM DEFAULT CHARSET=utf8 COLLATE=utf8_unicode_ci;

--
-- Đang đổ dữ liệu cho bảng `news_categories`
--

INSERT INTO `news_categories` (`id`, `name`, `alias`, `photo`, `mota`, `status`, `lever`, `parent_id`, `title`, `keyword`, `description`, `com`, `stt`, `created_at`, `background`, `updated_at`) VALUES
(38, 'Về ngành nước', 've-nganh-nuoc', '', NULL, 1, 0, 0, NULL, NULL, NULL, 'tin-tuc', 4, '2017-11-07 20:49:59', '', '2017-11-07 20:49:59'),
(34, 'Về Euplastic', 've-euplastic', '', NULL, 1, 0, 0, NULL, NULL, NULL, 'tin-tuc', 1, '2017-11-06 09:52:18', '', '2017-11-06 02:52:18'),
(13, 'Cách thức thanh toán', 'cach-thuc-thanh-toan', NULL, NULL, 1, 0, 0, NULL, NULL, NULL, 'bai-viet', 1, '2017-08-29 04:05:32', NULL, '2017-08-28 21:05:32'),
(14, 'Quy định mua hàng', 'quy-dinh-mua-hang', NULL, NULL, 1, 0, 0, NULL, NULL, NULL, 'bai-viet', 2, '2017-08-29 04:05:44', NULL, '2017-08-28 21:05:44'),
(20, 'Không gian phòng ngủ', 'khong-gian-phong-ngu', '1504077747_1_19.jpg', 'Phòng khách là không gian chính của ngôi nhà, là nơi sum họp của các thành viên trong gia đình, thể hiện gu thẩm mỹ và tính cách của gia chủ.', 1, 0, 0, NULL, NULL, NULL, 'khong-gian', 1, '2017-08-30 07:48:00', NULL, '2017-08-30 00:48:00'),
(21, 'Không gian phòng khách', 'khong-gian-phong-khach', '1504078021_1_20.jpg', 'Phòng khách là không gian chính của ngôi nhà, là nơi sum họp của các thành viên trong gia đình, thể hiện gu thẩm mỹ và tính cách của gia chủ.', 1, 0, 0, NULL, NULL, NULL, 'khong-gian', 2, '2017-08-30 07:48:07', NULL, '2017-08-30 00:48:07'),
(22, 'Phòng bếp hiện đại', 'phong-bep-hien-dai', '1504078039_1_21.jpg', 'Phòng khách là không gian chính của ngôi nhà, là nơi sum họp của các thành viên trong gia đình, thể hiện gu thẩm mỹ và tính cách của gia chủ.', 1, 0, 0, NULL, NULL, NULL, 'khong-gian', 3, '2017-08-30 07:48:12', NULL, '2017-08-30 00:48:12'),
(23, 'Phòng ngủ châu âu', 'phong-ngu-chau-au', '1504078067_1_20.jpg', 'Phòng khách là không gian chính của ngôi nhà, là nơi sum họp của các thành viên trong gia đình, thể hiện gu thẩm mỹ và tính cách của gia chủ.', 1, 0, 0, NULL, NULL, NULL, 'khong-gian', 4, '2017-08-30 07:48:18', NULL, '2017-08-30 00:48:18'),
(31, 'Sản phẩm khác', 'san-pham-khac', '1505465773_sv3.jpg', 'Every man sooner or later, confronts with the problem of damage of teeth and dentition.', 1, 0, 0, NULL, NULL, NULL, 'dich-vu', 3, '2017-09-15 09:49:21', '1505468961_dv4.png', '2017-09-15 02:49:21'),
(30, 'Canxi nano', 'canxi-nano', '1505465758_sv2.jpg', 'Every man sooner or later, confronts with the problem of damage of teeth and dentition.', 1, 0, 0, NULL, NULL, NULL, 'dich-vu', 2, '2017-09-15 09:48:41', '1505468921_dv3.png', '2017-09-15 02:48:41'),
(29, 'Sản phẩm bảo vệ sức khỏe', 'san-pham-bao-ve-suc-khoe', '1505465729_sv1.jpg', 'Every man sooner or later, confronts with the problem of damage of teeth and dentition.', 1, 0, 0, NULL, NULL, NULL, 'dich-vu', 1, '2017-09-16 04:14:59', '1505468944_dv4.png', '2017-09-15 21:14:59'),
(33, 'Sản phẩm mới nhập', 'san-pham-moi-nhap', '', NULL, 0, 0, 0, NULL, NULL, NULL, 'dich-vu', 4, '2017-09-18 01:49:43', '', '2017-09-17 18:49:43'),
(36, 'Dự án công ty', 'du-an-cong-ty', '', NULL, 1, 0, 0, NULL, NULL, NULL, 'tin-tuc', 3, '2017-11-07 08:38:44', '', '2017-11-07 01:38:44'),
(37, 'Thư viện', 'thu-vien', '', NULL, 1, 0, 0, NULL, NULL, NULL, 'tin-tuc', 4, '2017-11-06 09:51:33', '', '2017-11-06 02:51:33');

-- --------------------------------------------------------

--
-- Cấu trúc bảng cho bảng `orders`
--

CREATE TABLE `orders` (
  `id` int(10) UNSIGNED NOT NULL,
  `name` text COLLATE utf8_unicode_ci NOT NULL,
  `photo` text COLLATE utf8_unicode_ci,
  `desc` longtext COLLATE utf8_unicode_ci,
  `content` longtext COLLATE utf8_unicode_ci,
  `com` varchar(255) COLLATE utf8_unicode_ci NOT NULL,
  `status` int(11) NOT NULL,
  `stt` int(11) NOT NULL
) ENGINE=MyISAM DEFAULT CHARSET=utf8 COLLATE=utf8_unicode_ci;

-- --------------------------------------------------------

--
-- Cấu trúc bảng cho bảng `order_detail`
--

CREATE TABLE `order_detail` (
  `id` int(10) UNSIGNED NOT NULL,
  `id_user` int(11) NOT NULL,
  `id_order` int(11) NOT NULL,
  `id_product` int(11) NOT NULL,
  `photo` text COLLATE utf8_unicode_ci NOT NULL,
  `name` text COLLATE utf8_unicode_ci NOT NULL,
  `hoten` text COLLATE utf8_unicode_ci NOT NULL,
  `price` int(11) NOT NULL,
  `qty` text COLLATE utf8_unicode_ci NOT NULL,
  `totalprice` int(11) NOT NULL,
  `tonggia` int(11) NOT NULL,
  `donhang` longtext COLLATE utf8_unicode_ci NOT NULL,
  `status` int(11) NOT NULL,
  `stt` int(11) NOT NULL,
  `created_at` timestamp NOT NULL DEFAULT '0000-00-00 00:00:00',
  `updated_at` timestamp NOT NULL DEFAULT '0000-00-00 00:00:00'
) ENGINE=MyISAM DEFAULT CHARSET=utf8 COLLATE=utf8_unicode_ci;

-- --------------------------------------------------------

--
-- Cấu trúc bảng cho bảng `order_status`
--

CREATE TABLE `order_status` (
  `id` int(10) UNSIGNED NOT NULL,
  `tinhtrang` varchar(255) COLLATE utf8_unicode_ci NOT NULL
) ENGINE=MyISAM DEFAULT CHARSET=utf8 COLLATE=utf8_unicode_ci;

-- --------------------------------------------------------

--
-- Cấu trúc bảng cho bảng `pages`
--

CREATE TABLE `pages` (
  `id` int(10) UNSIGNED NOT NULL,
  `name` text COLLATE utf8_unicode_ci NOT NULL,
  `title` text COLLATE utf8_unicode_ci NOT NULL,
  `photo` text COLLATE utf8_unicode_ci,
  `desc` longtext COLLATE utf8_unicode_ci,
  `content` longtext COLLATE utf8_unicode_ci,
  `status` int(11) NOT NULL,
  `keyword` longtext COLLATE utf8_unicode_ci,
  `description` longtext COLLATE utf8_unicode_ci,
  `stt` int(11) NOT NULL,
  `com` text COLLATE utf8_unicode_ci NOT NULL,
  `created_at` timestamp NOT NULL DEFAULT '0000-00-00 00:00:00',
  `updated_at` timestamp NOT NULL DEFAULT '0000-00-00 00:00:00'
) ENGINE=MyISAM DEFAULT CHARSET=utf8 COLLATE=utf8_unicode_ci;

-- --------------------------------------------------------

--
-- Cấu trúc bảng cho bảng `partner`
--

CREATE TABLE `partner` (
  `id` int(10) UNSIGNED NOT NULL,
  `name` text COLLATE utf8_unicode_ci NOT NULL,
  `url` text COLLATE utf8_unicode_ci,
  `photo` text COLLATE utf8_unicode_ci,
  `desc` longtext COLLATE utf8_unicode_ci,
  `content` longtext COLLATE utf8_unicode_ci,
  `com` varchar(255) COLLATE utf8_unicode_ci DEFAULT NULL,
  `status` int(11) NOT NULL DEFAULT '1',
  `created_at` timestamp NOT NULL DEFAULT '0000-00-00 00:00:00',
  `updated_at` timestamp NOT NULL DEFAULT '0000-00-00 00:00:00'
) ENGINE=MyISAM DEFAULT CHARSET=utf8 COLLATE=utf8_unicode_ci;

--
-- Đang đổ dữ liệu cho bảng `partner`
--

INSERT INTO `partner` (`id`, `name`, `url`, `photo`, `desc`, `content`, `com`, `status`, `created_at`, `updated_at`) VALUES
(3, 'Đối tác 1', NULL, '1521016684_brand-1.jpg', NULL, NULL, 'doi-tac', 1, '2017-11-02 00:37:56', '2018-03-14 01:38:04'),
(4, 'Đối tác 2', NULL, '1521016695_brand-2.png', NULL, NULL, 'doi-tac', 1, '2017-11-02 00:39:46', '2018-03-14 01:38:15'),
(5, 'Đối tác 3', NULL, '1521016709_brand-3.png', NULL, NULL, 'doi-tac', 1, '2017-11-02 00:39:55', '2018-03-14 01:38:29'),
(6, 'Đối tác 4', NULL, '1521016716_brand-4.jpg', NULL, NULL, 'doi-tac', 1, '2017-11-02 00:40:10', '2018-03-14 01:38:36'),
(7, 'Đối tác 5', NULL, '1521016724_brand-5.jpg', NULL, NULL, 'doi-tac', 1, '2017-11-02 00:40:20', '2018-03-14 01:38:44');

-- --------------------------------------------------------

--
-- Cấu trúc bảng cho bảng `partners`
--

CREATE TABLE `partners` (
  `id` int(11) NOT NULL,
  `photo` text,
  `name` varchar(250) DEFAULT NULL,
  `link` varchar(250) DEFAULT NULL,
  `status` int(11) DEFAULT '0',
  `created_at` timestamp NULL DEFAULT CURRENT_TIMESTAMP ON UPDATE CURRENT_TIMESTAMP,
  `updated_at` timestamp NULL DEFAULT NULL ON UPDATE CURRENT_TIMESTAMP
) ENGINE=InnoDB DEFAULT CHARSET=utf8;

-- --------------------------------------------------------

--
-- Cấu trúc bảng cho bảng `password_resets`
--

CREATE TABLE `password_resets` (
  `email` varchar(255) COLLATE utf8_unicode_ci NOT NULL,
  `token` varchar(255) COLLATE utf8_unicode_ci NOT NULL,
  `created_at` timestamp NOT NULL DEFAULT '0000-00-00 00:00:00'
) ENGINE=MyISAM DEFAULT CHARSET=utf8 COLLATE=utf8_unicode_ci;

-- --------------------------------------------------------

--
-- Cấu trúc bảng cho bảng `products`
--

CREATE TABLE `products` (
  `id` int(10) UNSIGNED NOT NULL,
  `user_id` int(11) NOT NULL DEFAULT '0',
  `cate_id` int(11) UNSIGNED NOT NULL DEFAULT '0',
  `code` text COLLATE utf8_unicode_ci,
  `stt` int(11) DEFAULT NULL,
  `name` varchar(255) COLLATE utf8_unicode_ci NOT NULL,
  `alias` varchar(255) COLLATE utf8_unicode_ci NOT NULL,
  `photo` text COLLATE utf8_unicode_ci,
  `price` int(11) NOT NULL DEFAULT '0',
  `sale` int(11) DEFAULT '0',
  `price_old` int(11) DEFAULT '0',
  `mota` longtext COLLATE utf8_unicode_ci,
  `content` longtext COLLATE utf8_unicode_ci,
  `thuonghieu` text COLLATE utf8_unicode_ci,
  `tinhtrang` int(11) NOT NULL DEFAULT '1',
  `baohanh` text COLLATE utf8_unicode_ci,
  `properties` text CHARACTER SET utf8,
  `model` text COLLATE utf8_unicode_ci,
  `namsanxuat` text COLLATE utf8_unicode_ci,
  `ratepoint` int(2) DEFAULT NULL,
  `quatang` text COLLATE utf8_unicode_ci,
  `huongdan` text COLLATE utf8_unicode_ci,
  `vanchuyen` text COLLATE utf8_unicode_ci,
  `noibat` int(11) NOT NULL DEFAULT '0',
  `spbc` int(11) NOT NULL DEFAULT '0',
  `status` int(11) NOT NULL DEFAULT '1',
  `title` text COLLATE utf8_unicode_ci,
  `keyword` longtext COLLATE utf8_unicode_ci,
  `description` longtext COLLATE utf8_unicode_ci,
  `created_at` timestamp NOT NULL DEFAULT CURRENT_TIMESTAMP ON UPDATE CURRENT_TIMESTAMP,
  `updated_at` timestamp NOT NULL DEFAULT '0000-00-00 00:00:00'
) ENGINE=MyISAM DEFAULT CHARSET=utf8 COLLATE=utf8_unicode_ci;

--
-- Đang đổ dữ liệu cho bảng `products`
--

INSERT INTO `products` (`id`, `user_id`, `cate_id`, `code`, `stt`, `name`, `alias`, `photo`, `price`, `sale`, `price_old`, `mota`, `content`, `thuonghieu`, `tinhtrang`, `baohanh`, `properties`, `model`, `namsanxuat`, `ratepoint`, `quatang`, `huongdan`, `vanchuyen`, `noibat`, `spbc`, `status`, `title`, `keyword`, `description`, `created_at`, `updated_at`) VALUES
(1, 5, 1, NULL, 1, 'Sản phẩm 1', 'san-pham-1', '1521003014_1.jpg', 500000, 0, 0, '<p>Lorem ipsum dolor sit amet, consectetur adipiscing elit. Nam fringilla augue nec est tristique auctor. Donec non est at libero vulputate rutrum. Morbi ornare lectus quis justo gravida semper. Nulla tellus mi, vulputate adipiscing cursus eu, suscipit id nulla.</p>', '<p>Lorem ipsum dolor sit amet, consectetur adipiscing elit. Nam fringilla augue nec est tristique auctor. Donec non est at libero vulputate rutrum. Morbi ornare lectus quis justo gravida semper. Nulla tellus mi, vulputate adipiscing cursus eu, suscipit id nulla.</p>\r\n<p>Pellentesque aliquet, sem eget laoreet ultrices, ipsum metus feugiat sem, quis fermentum turpis eros eget velit. Donec ac tempus ante. Fusce ultricies massa massa. Fusce aliquam, purus eget sagittis vulputate, sapien libero hendrerit est, sed commodo augue nisi non neque. Lorem ipsum dolor sit amet, consectetur adipiscing elit. Sed tempor, lorem et placerat vestibulum, metus nisi posuere nisl, in accumsan elit odio quis mi. Cras neque metus, consequat et blandit et, luctus a nunc. Etiam gravida vehicula tellus, in imperdiet ligula euismod eget.</p>', NULL, 0, NULL, 'Thành phần chính: PP###Công nghệ sản xuất: Ép phun###Loại hàng: Măng sông###Nơi sản xuất: Thành phố Hải Dương, Việt Nam###Thương hiệu: HATHACO###Phương pháp nối: Nối nhanh###Màu sắc: Đen, xanh, trắng', NULL, NULL, 4, NULL, NULL, NULL, 1, 0, 1, NULL, NULL, NULL, '2018-03-15 03:07:52', '2018-03-14 20:07:52'),
(2, 5, 1, NULL, 2, 'Sản phẩm 2', 'san-pham-2', '1521003043_2.jpg', 700000, 0, 0, '<p>Lorem ipsum dolor sit amet, consectetur adipiscing elit. Nam fringilla augue nec est tristique auctor. Donec non est at libero vulputate rutrum. Morbi ornare lectus quis justo gravida semper. Nulla tellus mi, vulputate adipiscing cursus eu, suscipit id nulla.</p>', '<p>Lorem ipsum dolor sit amet, consectetur adipiscing elit. Nam fringilla augue nec est tristique auctor. Donec non est at libero vulputate rutrum. Morbi ornare lectus quis justo gravida semper. Nulla tellus mi, vulputate adipiscing cursus eu, suscipit id nulla.</p>\r\n<p>Lorem ipsum dolor sit amet, consectetur adipiscing elit. Nam fringilla augue nec est tristique auctor. Donec non est at libero vulputate rutrum. Morbi ornare lectus quis justo gravida semper. Nulla tellus mi, vulputate adipiscing cursus eu, suscipit id nulla.</p>', NULL, 1, NULL, '', NULL, NULL, 3, NULL, NULL, NULL, 1, 1, 1, NULL, NULL, NULL, '2018-03-15 03:04:39', '2018-03-14 03:31:59'),
(3, 5, 2, NULL, 3, 'Sản phẩm 4', 'san-pham-4', '1521003076_3.jpg', 800000, 0, 0, '<p>Lorem ipsum dolor sit amet, consectetur adipiscing elit. Nam fringilla augue nec est tristique auctor. Donec non est at libero vulputate rutrum. Morbi ornare lectus quis justo gravida semper. Nulla tellus mi, vulputate adipiscing cursus eu, suscipit id nulla.</p>', '<p>Lorem ipsum dolor sit amet, consectetur adipiscing elit. Nam fringilla augue nec est tristique auctor. Donec non est at libero vulputate rutrum. Morbi ornare lectus quis justo gravida semper. Nulla tellus mi, vulputate adipiscing cursus eu, suscipit id nulla.Lorem ipsum dolor sit amet, consectetur adipiscing elit. Nam fringilla augue nec est tristique auctor. Donec non est at libero vulputate rutrum. Morbi ornare lectus quis justo gravida semper. Nulla tellus mi, vulputate adipiscing cursus eu, suscipit id nulla.</p>\r\n<p>Lorem ipsum dolor sit amet, consectetur adipiscing elit. Nam fringilla augue nec est tristique auctor. Donec non est at libero vulputate rutrum. Morbi ornare lectus quis justo gravida semper. Nulla tellus mi, vulputate adipiscing cursus eu, suscipit id nulla.</p>', NULL, 1, NULL, '', NULL, NULL, 3, NULL, NULL, NULL, 1, 1, 1, NULL, NULL, NULL, '2018-03-15 03:04:38', '2018-03-14 00:29:33'),
(4, 5, 1, NULL, 4, 'Mũ lưỡi trai', 'mu-luoi-trai', '1521003113_bg-c-1.jpg', 1000000, 0, 0, '<p>Lorem ipsum dolor sit amet, consectetur adipiscing elit. Nam fringilla augue nec est tristique auctor. Donec non est at libero vulputate rutrum. Morbi ornare lectus quis justo gravida semper. Nulla tellus mi, vulputate adipiscing cursus eu, suscipit id nulla.</p>', '<p>Lorem ipsum dolor sit amet, consectetur adipiscing elit. Nam fringilla augue nec est tristique auctor. Donec non est at libero vulputate rutrum. Morbi ornare lectus quis justo gravida semper. Nulla tellus mi, vulputate adipiscing cursus eu, suscipit id nulla.</p>', NULL, 1, NULL, '', NULL, NULL, 2, NULL, NULL, NULL, 1, 0, 1, NULL, NULL, NULL, '2018-03-15 03:04:38', '2018-03-14 19:59:05'),
(6, 5, 1, NULL, 6, 'Sản phẩm 3', 'san-pham-3', '1521003145_cap-2.jpg', 600000, 0, 0, '<p>Lorem ipsum dolor sit amet, consectetur adipiscing elit. Nam fringilla augue nec est tristique auctor. Donec non est at libero vulputate rutrum. Morbi ornare lectus quis justo gravida semper. Nulla tellus mi, vulputate adipiscing cursus eu, suscipit id nulla.</p>', '<p>Lorem ipsum dolor sit amet, consectetur adipiscing elit. Nam fringilla augue nec est tristique auctor. Donec non est at libero vulputate rutrum. Morbi ornare lectus quis justo gravida semper. Nulla tellus mi, vulputate adipiscing cursus eu, suscipit id nulla.</p>', NULL, 1, NULL, '', NULL, NULL, 4, NULL, NULL, NULL, 1, 0, 1, NULL, NULL, NULL, '2018-03-15 03:04:37', '2018-03-13 21:56:18'),
(7, 5, 1, NULL, 7, 'Sản phẩm 5', 'san-pham-5', '1521003171_hat-1.jpg', 1200000, 0, 0, NULL, NULL, NULL, 1, NULL, '', NULL, NULL, 4, NULL, NULL, NULL, 1, 0, 1, NULL, NULL, NULL, '2018-03-15 03:04:36', '2018-03-13 21:57:39'),
(8, 5, 4, NULL, 8, 'giày cao got 1', 'giay-cao-got-1', '1521003190_shoes-p.jpg', 400000, 0, 0, NULL, NULL, NULL, 1, NULL, '', NULL, NULL, 4, NULL, NULL, NULL, 1, 0, 1, NULL, NULL, NULL, '2018-03-15 03:04:36', '2018-03-13 21:57:45'),
(9, 5, 4, NULL, 9, 'Giày cao  gót 2', 'giay-cao-got-2', '1521003205_shoes-2.jpg', 800000, 0, 0, NULL, NULL, NULL, 1, NULL, '', NULL, NULL, 3, NULL, NULL, NULL, 1, 0, 1, NULL, NULL, NULL, '2018-03-15 03:04:35', '2018-03-13 21:57:52'),
(10, 5, 2, NULL, 10, 'Túi xách 1', 'tui-xach-1', '1521003222_bg-an.jpg', 300000, 0, 0, NULL, NULL, NULL, 1, NULL, '', NULL, NULL, 3, NULL, NULL, NULL, 0, 0, 1, NULL, NULL, NULL, '2018-03-15 03:04:34', '2018-03-13 21:57:58'),
(11, 5, 2, NULL, 11, 'Túi xách 2', 'tui-xach-2', '1521003241_b-d-2.jpg', 500000, 0, 0, NULL, NULL, NULL, 1, NULL, 'Hãng sản xuất: Apple###sdf sf###sdf s sdf###Xuất xứ: Chính hãng', NULL, NULL, 3, NULL, NULL, NULL, 0, 0, 1, NULL, NULL, NULL, '2018-03-15 03:04:33', '2018-03-13 21:57:30'),
(20, 5, 3, NULL, 11, 'San pham demo 89', 'san-pham-demo-89', '1521012185_bbb-2.png', 400000, 0, 500000, NULL, NULL, NULL, 1, NULL, NULL, NULL, NULL, 4, NULL, NULL, NULL, 0, 0, 1, NULL, NULL, NULL, '2018-03-15 03:04:33', '2018-03-14 00:23:05');

-- --------------------------------------------------------

--
-- Cấu trúc bảng cho bảng `product_categories`
--

CREATE TABLE `product_categories` (
  `id` int(10) UNSIGNED NOT NULL,
  `parent_id` int(11) NOT NULL DEFAULT '0',
  `stt` int(11) DEFAULT '0',
  `name` varchar(255) COLLATE utf8_unicode_ci NOT NULL,
  `alias` varchar(255) COLLATE utf8_unicode_ci NOT NULL,
  `photo` text COLLATE utf8_unicode_ci,
  `noibat` int(2) DEFAULT '0',
  `status` int(11) NOT NULL,
  `lever` int(11) NOT NULL DEFAULT '0',
  `title` text COLLATE utf8_unicode_ci,
  `keyword` longtext COLLATE utf8_unicode_ci,
  `description` longtext COLLATE utf8_unicode_ci,
  `created_at` timestamp NOT NULL DEFAULT CURRENT_TIMESTAMP ON UPDATE CURRENT_TIMESTAMP,
  `updated_at` timestamp NOT NULL DEFAULT '0000-00-00 00:00:00'
) ENGINE=MyISAM DEFAULT CHARSET=utf8 COLLATE=utf8_unicode_ci;

--
-- Đang đổ dữ liệu cho bảng `product_categories`
--

INSERT INTO `product_categories` (`id`, `parent_id`, `stt`, `name`, `alias`, `photo`, `noibat`, `status`, `lever`, `title`, `keyword`, `description`, `created_at`, `updated_at`) VALUES
(1, 0, NULL, 'Quần áo nam', 'quan-ao-nam', '', 0, 1, 0, NULL, NULL, NULL, '2018-03-14 04:39:57', '2018-03-13 21:39:57'),
(2, 0, NULL, 'Quần áo nữ', 'quan-ao-nu', '', 0, 1, 0, NULL, NULL, NULL, '2018-03-14 04:40:16', '2018-03-13 21:40:16'),
(3, 0, NULL, 'Kính râm', 'kinh-ram', '', 0, 1, 0, NULL, NULL, NULL, '2018-03-14 04:40:26', '2018-03-13 21:40:26'),
(4, 0, NULL, 'Giầy', 'giay', '', 0, 1, 0, NULL, NULL, NULL, '2018-03-14 04:40:53', '2018-03-13 21:40:53');

-- --------------------------------------------------------

--
-- Cấu trúc bảng cho bảng `province`
--

CREATE TABLE `province` (
  `id` int(11) NOT NULL,
  `province_name` varchar(250) DEFAULT NULL,
  `created_at` timestamp NULL DEFAULT NULL,
  `updated_at` timestamp NULL DEFAULT NULL
) ENGINE=InnoDB DEFAULT CHARSET=utf8;

--
-- Đang đổ dữ liệu cho bảng `province`
--

INSERT INTO `province` (`id`, `province_name`, `created_at`, `updated_at`) VALUES
(2, 'hai phong', '2017-09-21 07:19:34', '2017-09-21 07:19:34'),
(4, 'Hà Nội', '2017-09-21 21:47:54', '2017-09-21 21:47:54'),
(5, 'Thái Bình', '2017-09-21 21:48:05', '2017-09-21 21:48:17'),
(6, 'Hồ Chí Minh', '2017-09-25 00:14:42', '2017-09-25 00:14:42'),
(7, 'Nam Định', '2017-10-13 20:09:01', '2017-10-13 20:09:01');

-- --------------------------------------------------------

--
-- Cấu trúc bảng cho bảng `recruitment`
--

CREATE TABLE `recruitment` (
  `id` int(11) NOT NULL,
  `name` varchar(250) CHARACTER SET utf8 DEFAULT NULL,
  `address` varchar(250) CHARACTER SET utf8 DEFAULT NULL,
  `phone` varchar(11) DEFAULT NULL,
  `email` varchar(250) DEFAULT NULL,
  `created_at` timestamp NOT NULL DEFAULT '0000-00-00 00:00:00' ON UPDATE CURRENT_TIMESTAMP,
  `updated_at` timestamp NOT NULL DEFAULT '0000-00-00 00:00:00' ON UPDATE CURRENT_TIMESTAMP,
  `status` tinyint(2) DEFAULT '0'
) ENGINE=InnoDB DEFAULT CHARSET=latin1;

--
-- Đang đổ dữ liệu cho bảng `recruitment`
--

INSERT INTO `recruitment` (`id`, `name`, `address`, `phone`, `email`, `created_at`, `updated_at`, `status`) VALUES
(6, 'Công ty Gco', 'trường chinh, thanh xuân, hà nội', '0943249', 'gco@gmail.com', '2017-09-15 04:21:08', '2017-09-14 21:21:08', 1),
(7, 'Hoàng Hồng Chương', 'Hà Nội', '0987654321', 'chuonghoanghong@gmail.com', '2017-09-17 20:31:17', '2017-09-17 20:31:17', 0);

-- --------------------------------------------------------

--
-- Cấu trúc bảng cho bảng `setting`
--

CREATE TABLE `setting` (
  `id` int(10) UNSIGNED NOT NULL,
  `name` text COLLATE utf8_unicode_ci,
  `title` text COLLATE utf8_unicode_ci,
  `company` text COLLATE utf8_unicode_ci,
  `website` text COLLATE utf8_unicode_ci,
  `address` text COLLATE utf8_unicode_ci,
  `phone` text COLLATE utf8_unicode_ci,
  `hotline` text COLLATE utf8_unicode_ci,
  `fax` text COLLATE utf8_unicode_ci,
  `email` text COLLATE utf8_unicode_ci,
  `photo` text COLLATE utf8_unicode_ci,
  `favico` text COLLATE utf8_unicode_ci,
  `title_index` text COLLATE utf8_unicode_ci,
  `mota` longtext COLLATE utf8_unicode_ci,
  `content` longtext COLLATE utf8_unicode_ci,
  `facebook` text COLLATE utf8_unicode_ci NOT NULL,
  `twitter` text COLLATE utf8_unicode_ci NOT NULL,
  `skype` text COLLATE utf8_unicode_ci,
  `google` text COLLATE utf8_unicode_ci NOT NULL,
  `youtube` text COLLATE utf8_unicode_ci NOT NULL,
  `status` int(11) NOT NULL DEFAULT '0',
  `toado` text COLLATE utf8_unicode_ci,
  `copyright` text COLLATE utf8_unicode_ci,
  `iframemap` text COLLATE utf8_unicode_ci,
  `codechat` longtext COLLATE utf8_unicode_ci,
  `analytics` longtext COLLATE utf8_unicode_ci,
  `keyword` longtext COLLATE utf8_unicode_ci,
  `description` longtext COLLATE utf8_unicode_ci,
  `created_at` timestamp NOT NULL DEFAULT CURRENT_TIMESTAMP ON UPDATE CURRENT_TIMESTAMP,
  `updated_at` timestamp NOT NULL DEFAULT '0000-00-00 00:00:00'
) ENGINE=MyISAM DEFAULT CHARSET=utf8 COLLATE=utf8_unicode_ci;

--
-- Đang đổ dữ liệu cho bảng `setting`
--

INSERT INTO `setting` (`id`, `name`, `title`, `company`, `website`, `address`, `phone`, `hotline`, `fax`, `email`, `photo`, `favico`, `title_index`, `mota`, `content`, `facebook`, `twitter`, `skype`, `google`, `youtube`, `status`, `toado`, `copyright`, `iframemap`, `codechat`, `analytics`, `keyword`, `description`, `created_at`, `updated_at`) VALUES
(1, 'Classic', 'Classic', 'Classic', NULL, 'Tầng 8, TOYOTA Thanh Xuân 315 Trường Chinh, Thanh Xuân, Hà Nội', '0987654321', '091 555 55 44', NULL, 'phukieneuplastic@gmail.com', '1520998537_logo.png', '1520998537_favicon.ico', NULL, NULL, NULL, 'https://www.facebook.com/FacebookforDevelopers/', 'https://twitter.com/?lang=vi', 'sf', 'https://plus.google.com/?hl=vi', 'https://www.youtube.com/', 1, NULL, '© GCO 2017. All rights reserved. Design by chuonghoanghong@gmail.com.', '<iframe src=\"https://www.google.com/maps/embed?pb=!1m14!1m8!1m3!1d7451.171877144796!2d105.871187!3d20.969137!3m2!1i1024!2i768!4f13.1!3m3!1m2!1s0x3135ac25be4ca5e3%3A0xe81d88694b0116b9!2zWcOqbiBEdXnDqm4sIFnDqm4gU-G7nywgSG_DoG5nIE1haSwgSMOgIE7hu5lpLCBWaWV0bmFt!5e0!3m2!1sen!2s!4v1509609109763\" width=\"100%\" height=\"410\" frameborder=\"0\" style=\"border:0\" allowfullscreen></iframe>', NULL, NULL, NULL, NULL, '2018-03-14 04:35:01', '2018-03-13 21:35:01');

-- --------------------------------------------------------

--
-- Cấu trúc bảng cho bảng `slider`
--

CREATE TABLE `slider` (
  `id` int(10) UNSIGNED NOT NULL,
  `user_id` int(11) NOT NULL,
  `name` text COLLATE utf8_unicode_ci NOT NULL,
  `link` text COLLATE utf8_unicode_ci,
  `photo` text COLLATE utf8_unicode_ci,
  `icon` text COLLATE utf8_unicode_ci,
  `mota` longtext COLLATE utf8_unicode_ci,
  `content` longtext COLLATE utf8_unicode_ci,
  `status` int(11) NOT NULL DEFAULT '1',
  `noibat` int(11) NOT NULL DEFAULT '0',
  `com` text COLLATE utf8_unicode_ci,
  `stt` int(11) NOT NULL,
  `created_at` timestamp NOT NULL DEFAULT CURRENT_TIMESTAMP ON UPDATE CURRENT_TIMESTAMP,
  `updated_at` timestamp NOT NULL DEFAULT '0000-00-00 00:00:00'
) ENGINE=MyISAM DEFAULT CHARSET=utf8 COLLATE=utf8_unicode_ci;

--
-- Đang đổ dữ liệu cho bảng `slider`
--

INSERT INTO `slider` (`id`, `user_id`, `name`, `link`, `photo`, `icon`, `mota`, `content`, `status`, `noibat`, `com`, `stt`, `created_at`, `updated_at`) VALUES
(41, 5, 'Khuyến mại đặc biệt', NULL, '1521097665_h1-s1-l-1.png', '', NULL, NULL, 1, 0, 'gioi-thieu', 2, '2018-03-15 07:07:45', '2018-03-15 00:07:45'),
(47, 5, 'Chứng chỉ 3', NULL, '1509931153_certify-3.jpg', '', NULL, NULL, 1, 0, 'thu-vien-anh', 3, '2017-11-05 18:19:13', '2017-11-05 18:19:13'),
(46, 5, 'Chứng chỉ 2', NULL, '1509931145_certify-2.jpg', '', NULL, NULL, 1, 0, 'thu-vien-anh', 2, '2017-11-05 18:19:05', '2017-11-05 18:19:05'),
(45, 5, 'chứng chỉ 1', NULL, '1509931135_certify-1.jpg', '', NULL, NULL, 1, 0, 'thu-vien-anh', 1, '2017-11-08 03:13:43', '2017-11-07 20:13:43'),
(29, 5, 'MIỄN PHÍ VẬN CHUYỂN', NULL, '1504143783_oto.png', '', 'CHO ĐƠN HÀNG CÓ TỔNG TRỊ GIÁ 30 TRIỆU', NULL, 1, 0, 'chinh-sach', 1, '2017-08-31 01:44:03', '2017-08-30 18:44:03'),
(30, 5, 'ĐỔI TRẢ TRONG VÒNG 07 NGÀY', NULL, '1504143807_phone.png', '', 'CHO ĐƠN HÀNG CÓ TỔNG TRỊ GIÁ 30 TRIỆU', NULL, 1, 0, 'chinh-sach', 2, '2017-08-30 18:43:27', '2017-08-30 18:43:27'),
(31, 5, 'HỖ TRỢ ONLINE 24/7', NULL, '1504143833_watch.png', '', 'CHO ĐƠN HÀNG CÓ TỔNG TRỊ GIÁ 30 TRIỆU', NULL, 1, 0, 'chinh-sach', 3, '2017-08-30 18:43:53', '2017-08-30 18:43:53'),
(42, 5, 'Thời trang nữ', NULL, '1521097688_h1-s1-l-2.png', '', NULL, NULL, 1, 0, 'gioi-thieu', 1, '2018-03-15 07:08:08', '2018-03-15 00:08:08');

-- --------------------------------------------------------

--
-- Cấu trúc bảng cho bảng `slogan`
--

CREATE TABLE `slogan` (
  `id` int(11) NOT NULL,
  `name` varchar(255) DEFAULT NULL,
  `link` varchar(250) DEFAULT NULL,
  `photo` text,
  `content` text,
  `created_at` timestamp NULL DEFAULT CURRENT_TIMESTAMP ON UPDATE CURRENT_TIMESTAMP,
  `updated_at` timestamp NULL DEFAULT NULL ON UPDATE CURRENT_TIMESTAMP
) ENGINE=InnoDB DEFAULT CHARSET=utf8;

--
-- Đang đổ dữ liệu cho bảng `slogan`
--

INSERT INTO `slogan` (`id`, `name`, `link`, `photo`, `content`, `created_at`, `updated_at`) VALUES
(1, '1', 'http://localhost/classic/san-pham/quan-ao-nam', '1521081571_banner-1.png', NULL, '2018-03-15 02:42:02', '2018-03-14 19:42:02'),
(3, '2', 'http://localhost/classic/san-pham/quan-ao-nam', '1521081740_banner-2.png', NULL, '2018-03-15 02:42:20', '2018-03-14 19:42:20'),
(4, '3', 'http://localhost/classic/san-pham/quan-ao-nam', '1521081752_banner-3.png', NULL, '2018-03-15 02:42:32', '2018-03-14 19:42:32'),
(6, '4', 'http://localhost/classic/san-pham/quan-ao-nam', '1521081806_banner-4.png', NULL, '2018-03-15 02:43:26', '2018-03-14 19:43:26'),
(7, 'Xu hướng thời trang 2018', 'http://localhost/classic/san-pham/quan-ao-nu', '1521081832_banner-5-.png', NULL, '2018-03-15 02:44:37', '2018-03-14 19:44:37');

-- --------------------------------------------------------

--
-- Cấu trúc bảng cho bảng `useronline`
--

CREATE TABLE `useronline` (
  `id` int(10) UNSIGNED NOT NULL,
  `session` varchar(255) COLLATE utf8_unicode_ci NOT NULL,
  `time` int(11) NOT NULL,
  `ip` varchar(255) COLLATE utf8_unicode_ci NOT NULL
) ENGINE=MyISAM DEFAULT CHARSET=utf8 COLLATE=utf8_unicode_ci;

-- --------------------------------------------------------

--
-- Cấu trúc bảng cho bảng `users`
--

CREATE TABLE `users` (
  `id` int(10) UNSIGNED NOT NULL,
  `username` varchar(255) COLLATE utf8_unicode_ci NOT NULL,
  `password` varchar(60) COLLATE utf8_unicode_ci NOT NULL,
  `name` varchar(255) COLLATE utf8_unicode_ci NOT NULL,
  `email` varchar(255) COLLATE utf8_unicode_ci DEFAULT NULL,
  `phone` varchar(255) COLLATE utf8_unicode_ci DEFAULT NULL,
  `address` text COLLATE utf8_unicode_ci,
  `level` int(11) NOT NULL DEFAULT '2',
  `photo` text COLLATE utf8_unicode_ci,
  `status` int(11) NOT NULL DEFAULT '1',
  `remember_token` varchar(100) COLLATE utf8_unicode_ci DEFAULT NULL,
  `created_at` timestamp NOT NULL DEFAULT CURRENT_TIMESTAMP ON UPDATE CURRENT_TIMESTAMP,
  `updated_at` timestamp NOT NULL DEFAULT '0000-00-00 00:00:00'
) ENGINE=MyISAM DEFAULT CHARSET=utf8 COLLATE=utf8_unicode_ci;

--
-- Đang đổ dữ liệu cho bảng `users`
--

INSERT INTO `users` (`id`, `username`, `password`, `name`, `email`, `phone`, `address`, `level`, `photo`, `status`, `remember_token`, `created_at`, `updated_at`) VALUES
(3, 'tuanduy2012', '$2y$10$DceYJxR4ALmUW.Vt6k9En.1ubJhJGvWX1HISRloBERLNJ8Qq85itO', 'Tuan Duy', 'duydoan.nina@gmail.com', '', '', 1, NULL, 1, 'X37mpbjW1WDCjwH3s4Vq1Jkv3WRNJceXZlbLwHaa', '2017-06-14 23:42:39', '2017-06-14 23:42:39'),
(4, 'evernigh', '$2y$10$pprRO9LhYKADS60bvetRnOYoS3L74giVWf3D/wNZXlDLDRRx0bH6e', 'Duy Đoàn', 'tuanduy_mc2006@yahoo.com', '', '', 0, NULL, 1, '6CirvIekDhWLx3xFrnv7v39bFmalTsH21F4WABTq', '2017-06-16 02:51:34', '2017-06-16 02:51:34'),
(5, 'gco_admin', '$2y$10$Lm3vxVo0UYuWFSzJkpvmwOKecqZm5coQSy1D3QW/Tc8c569RgBNFK', 'Admin', 'gco@gmail.com', '0985431797', '315 Trường chinh, Thanh Xuân, Hà Nội', 1, '5.jpg', 1, 'DQaWH76KnzFgsWBI0dFjhcT3csqprj4iDVZoOcduTK7pqkTmfOp3TYJfpPss', '2017-11-07 08:29:35', '2017-09-24 19:31:27'),
(7, 'hoangchuong', '$2y$10$PnaSJxmZdL0x0wRtj4q0tODPWKtxI85VefEFNZWDQKEH6q8rxjLc6', 'chuong', 'chuonghoanghong@gmail.com', NULL, NULL, 1, NULL, 1, 'DSYV3dr0q7IjUiVKsa4tl4ApOSuDPybd17EupcaO', '2017-11-07 01:31:10', '2017-11-07 01:31:10');

-- --------------------------------------------------------

--
-- Cấu trúc bảng cho bảng `video`
--

CREATE TABLE `video` (
  `id` int(11) NOT NULL,
  `link` text,
  `created_at` timestamp NULL DEFAULT NULL,
  `updated_at` timestamp NULL DEFAULT NULL
) ENGINE=InnoDB DEFAULT CHARSET=utf8;

--
-- Đang đổ dữ liệu cho bảng `video`
--

INSERT INTO `video` (`id`, `link`, `created_at`, `updated_at`) VALUES
(1, '<iframe width=\"560\" height=\"315\" src=\"https://www.youtube.com/embed/nvy3XBg-tmU\" frameborder=\"0\" allowfullscreen></iframe>', '2017-10-15 20:31:58', '2017-10-15 20:34:30');

--
-- Chỉ mục cho các bảng đã đổ
--

--
-- Chỉ mục cho bảng `about`
--
ALTER TABLE `about`
  ADD PRIMARY KEY (`id`);

--
-- Chỉ mục cho bảng `banggia`
--
ALTER TABLE `banggia`
  ADD PRIMARY KEY (`id`);

--
-- Chỉ mục cho bảng `bank_account`
--
ALTER TABLE `bank_account`
  ADD PRIMARY KEY (`id`);

--
-- Chỉ mục cho bảng `banner`
--
ALTER TABLE `banner`
  ADD PRIMARY KEY (`id`);

--
-- Chỉ mục cho bảng `banner_content`
--
ALTER TABLE `banner_content`
  ADD PRIMARY KEY (`id`);

--
-- Chỉ mục cho bảng `banner_position`
--
ALTER TABLE `banner_position`
  ADD PRIMARY KEY (`id`);

--
-- Chỉ mục cho bảng `bills`
--
ALTER TABLE `bills`
  ADD PRIMARY KEY (`id`);

--
-- Chỉ mục cho bảng `campaigns`
--
ALTER TABLE `campaigns`
  ADD PRIMARY KEY (`id`);

--
-- Chỉ mục cho bảng `campaign_cards`
--
ALTER TABLE `campaign_cards`
  ADD PRIMARY KEY (`id`);

--
-- Chỉ mục cho bảng `chinhanh`
--
ALTER TABLE `chinhanh`
  ADD PRIMARY KEY (`id`);

--
-- Chỉ mục cho bảng `contact`
--
ALTER TABLE `contact`
  ADD PRIMARY KEY (`id`);

--
-- Chỉ mục cho bảng `contacts`
--
ALTER TABLE `contacts`
  ADD PRIMARY KEY (`id`);

--
-- Chỉ mục cho bảng `counter`
--
ALTER TABLE `counter`
  ADD PRIMARY KEY (`id`);

--
-- Chỉ mục cho bảng `district`
--
ALTER TABLE `district`
  ADD PRIMARY KEY (`id`);

--
-- Chỉ mục cho bảng `feedback`
--
ALTER TABLE `feedback`
  ADD PRIMARY KEY (`id`);

--
-- Chỉ mục cho bảng `footer`
--
ALTER TABLE `footer`
  ADD PRIMARY KEY (`id`);

--
-- Chỉ mục cho bảng `gioithieu`
--
ALTER TABLE `gioithieu`
  ADD PRIMARY KEY (`id`);

--
-- Chỉ mục cho bảng `images`
--
ALTER TABLE `images`
  ADD PRIMARY KEY (`id`),
  ADD KEY `images_product_id_foreign` (`product_id`);

--
-- Chỉ mục cho bảng `lienket`
--
ALTER TABLE `lienket`
  ADD PRIMARY KEY (`id`);

--
-- Chỉ mục cho bảng `menu`
--
ALTER TABLE `menu`
  ADD PRIMARY KEY (`id`),
  ADD UNIQUE KEY `news_categories_name_unique` (`name`);

--
-- Chỉ mục cho bảng `news`
--
ALTER TABLE `news`
  ADD PRIMARY KEY (`id`);

--
-- Chỉ mục cho bảng `newsletter`
--
ALTER TABLE `newsletter`
  ADD PRIMARY KEY (`id`);

--
-- Chỉ mục cho bảng `news_categories`
--
ALTER TABLE `news_categories`
  ADD PRIMARY KEY (`id`),
  ADD UNIQUE KEY `news_categories_name_unique` (`name`);

--
-- Chỉ mục cho bảng `orders`
--
ALTER TABLE `orders`
  ADD PRIMARY KEY (`id`);

--
-- Chỉ mục cho bảng `order_detail`
--
ALTER TABLE `order_detail`
  ADD PRIMARY KEY (`id`);

--
-- Chỉ mục cho bảng `order_status`
--
ALTER TABLE `order_status`
  ADD PRIMARY KEY (`id`);

--
-- Chỉ mục cho bảng `pages`
--
ALTER TABLE `pages`
  ADD PRIMARY KEY (`id`);

--
-- Chỉ mục cho bảng `partner`
--
ALTER TABLE `partner`
  ADD PRIMARY KEY (`id`);

--
-- Chỉ mục cho bảng `partners`
--
ALTER TABLE `partners`
  ADD PRIMARY KEY (`id`);

--
-- Chỉ mục cho bảng `password_resets`
--
ALTER TABLE `password_resets`
  ADD KEY `password_resets_email_index` (`email`),
  ADD KEY `password_resets_token_index` (`token`);

--
-- Chỉ mục cho bảng `products`
--
ALTER TABLE `products`
  ADD PRIMARY KEY (`id`);

--
-- Chỉ mục cho bảng `product_categories`
--
ALTER TABLE `product_categories`
  ADD PRIMARY KEY (`id`);

--
-- Chỉ mục cho bảng `province`
--
ALTER TABLE `province`
  ADD PRIMARY KEY (`id`);

--
-- Chỉ mục cho bảng `recruitment`
--
ALTER TABLE `recruitment`
  ADD PRIMARY KEY (`id`);

--
-- Chỉ mục cho bảng `setting`
--
ALTER TABLE `setting`
  ADD PRIMARY KEY (`id`);

--
-- Chỉ mục cho bảng `slider`
--
ALTER TABLE `slider`
  ADD PRIMARY KEY (`id`);

--
-- Chỉ mục cho bảng `slogan`
--
ALTER TABLE `slogan`
  ADD PRIMARY KEY (`id`);

--
-- Chỉ mục cho bảng `useronline`
--
ALTER TABLE `useronline`
  ADD PRIMARY KEY (`id`);

--
-- Chỉ mục cho bảng `users`
--
ALTER TABLE `users`
  ADD PRIMARY KEY (`id`),
  ADD UNIQUE KEY `users_username_unique` (`username`);

--
-- Chỉ mục cho bảng `video`
--
ALTER TABLE `video`
  ADD PRIMARY KEY (`id`);

--
-- AUTO_INCREMENT cho các bảng đã đổ
--

--
-- AUTO_INCREMENT cho bảng `about`
--
ALTER TABLE `about`
  MODIFY `id` int(10) UNSIGNED NOT NULL AUTO_INCREMENT, AUTO_INCREMENT=2;

--
-- AUTO_INCREMENT cho bảng `banggia`
--
ALTER TABLE `banggia`
  MODIFY `id` int(11) NOT NULL AUTO_INCREMENT, AUTO_INCREMENT=5;

--
-- AUTO_INCREMENT cho bảng `bank_account`
--
ALTER TABLE `bank_account`
  MODIFY `id` int(11) NOT NULL AUTO_INCREMENT, AUTO_INCREMENT=4;

--
-- AUTO_INCREMENT cho bảng `banner`
--
ALTER TABLE `banner`
  MODIFY `id` int(10) UNSIGNED NOT NULL AUTO_INCREMENT;

--
-- AUTO_INCREMENT cho bảng `banner_content`
--
ALTER TABLE `banner_content`
  MODIFY `id` int(11) NOT NULL AUTO_INCREMENT, AUTO_INCREMENT=14;

--
-- AUTO_INCREMENT cho bảng `banner_position`
--
ALTER TABLE `banner_position`
  MODIFY `id` int(11) NOT NULL AUTO_INCREMENT, AUTO_INCREMENT=8;

--
-- AUTO_INCREMENT cho bảng `bills`
--
ALTER TABLE `bills`
  MODIFY `id` int(11) NOT NULL AUTO_INCREMENT, AUTO_INCREMENT=9;

--
-- AUTO_INCREMENT cho bảng `campaigns`
--
ALTER TABLE `campaigns`
  MODIFY `id` int(11) NOT NULL AUTO_INCREMENT, AUTO_INCREMENT=3;

--
-- AUTO_INCREMENT cho bảng `campaign_cards`
--
ALTER TABLE `campaign_cards`
  MODIFY `id` int(10) NOT NULL AUTO_INCREMENT, AUTO_INCREMENT=12;

--
-- AUTO_INCREMENT cho bảng `chinhanh`
--
ALTER TABLE `chinhanh`
  MODIFY `id` int(11) NOT NULL AUTO_INCREMENT, AUTO_INCREMENT=3;

--
-- AUTO_INCREMENT cho bảng `contact`
--
ALTER TABLE `contact`
  MODIFY `id` int(10) UNSIGNED NOT NULL AUTO_INCREMENT;

--
-- AUTO_INCREMENT cho bảng `contacts`
--
ALTER TABLE `contacts`
  MODIFY `id` int(11) NOT NULL AUTO_INCREMENT, AUTO_INCREMENT=9;

--
-- AUTO_INCREMENT cho bảng `counter`
--
ALTER TABLE `counter`
  MODIFY `id` int(10) UNSIGNED NOT NULL AUTO_INCREMENT;

--
-- AUTO_INCREMENT cho bảng `district`
--
ALTER TABLE `district`
  MODIFY `id` int(11) NOT NULL AUTO_INCREMENT, AUTO_INCREMENT=5;

--
-- AUTO_INCREMENT cho bảng `feedback`
--
ALTER TABLE `feedback`
  MODIFY `id` int(11) NOT NULL AUTO_INCREMENT, AUTO_INCREMENT=5;

--
-- AUTO_INCREMENT cho bảng `footer`
--
ALTER TABLE `footer`
  MODIFY `id` int(10) UNSIGNED NOT NULL AUTO_INCREMENT;

--
-- AUTO_INCREMENT cho bảng `gioithieu`
--
ALTER TABLE `gioithieu`
  MODIFY `id` int(11) NOT NULL AUTO_INCREMENT, AUTO_INCREMENT=4;

--
-- AUTO_INCREMENT cho bảng `images`
--
ALTER TABLE `images`
  MODIFY `id` int(10) UNSIGNED NOT NULL AUTO_INCREMENT, AUTO_INCREMENT=98;

--
-- AUTO_INCREMENT cho bảng `lienket`
--
ALTER TABLE `lienket`
  MODIFY `id` int(10) UNSIGNED NOT NULL AUTO_INCREMENT, AUTO_INCREMENT=48;

--
-- AUTO_INCREMENT cho bảng `menu`
--
ALTER TABLE `menu`
  MODIFY `id` int(10) UNSIGNED NOT NULL AUTO_INCREMENT, AUTO_INCREMENT=32;

--
-- AUTO_INCREMENT cho bảng `news`
--
ALTER TABLE `news`
  MODIFY `id` int(10) UNSIGNED NOT NULL AUTO_INCREMENT, AUTO_INCREMENT=8;

--
-- AUTO_INCREMENT cho bảng `newsletter`
--
ALTER TABLE `newsletter`
  MODIFY `id` int(10) UNSIGNED NOT NULL AUTO_INCREMENT, AUTO_INCREMENT=46;

--
-- AUTO_INCREMENT cho bảng `news_categories`
--
ALTER TABLE `news_categories`
  MODIFY `id` int(10) UNSIGNED NOT NULL AUTO_INCREMENT, AUTO_INCREMENT=39;

--
-- AUTO_INCREMENT cho bảng `orders`
--
ALTER TABLE `orders`
  MODIFY `id` int(10) UNSIGNED NOT NULL AUTO_INCREMENT;

--
-- AUTO_INCREMENT cho bảng `order_detail`
--
ALTER TABLE `order_detail`
  MODIFY `id` int(10) UNSIGNED NOT NULL AUTO_INCREMENT;

--
-- AUTO_INCREMENT cho bảng `order_status`
--
ALTER TABLE `order_status`
  MODIFY `id` int(10) UNSIGNED NOT NULL AUTO_INCREMENT;

--
-- AUTO_INCREMENT cho bảng `pages`
--
ALTER TABLE `pages`
  MODIFY `id` int(10) UNSIGNED NOT NULL AUTO_INCREMENT;

--
-- AUTO_INCREMENT cho bảng `partner`
--
ALTER TABLE `partner`
  MODIFY `id` int(10) UNSIGNED NOT NULL AUTO_INCREMENT, AUTO_INCREMENT=9;

--
-- AUTO_INCREMENT cho bảng `partners`
--
ALTER TABLE `partners`
  MODIFY `id` int(11) NOT NULL AUTO_INCREMENT;

--
-- AUTO_INCREMENT cho bảng `products`
--
ALTER TABLE `products`
  MODIFY `id` int(10) UNSIGNED NOT NULL AUTO_INCREMENT, AUTO_INCREMENT=22;

--
-- AUTO_INCREMENT cho bảng `product_categories`
--
ALTER TABLE `product_categories`
  MODIFY `id` int(10) UNSIGNED NOT NULL AUTO_INCREMENT, AUTO_INCREMENT=8;

--
-- AUTO_INCREMENT cho bảng `province`
--
ALTER TABLE `province`
  MODIFY `id` int(11) NOT NULL AUTO_INCREMENT, AUTO_INCREMENT=8;

--
-- AUTO_INCREMENT cho bảng `recruitment`
--
ALTER TABLE `recruitment`
  MODIFY `id` int(11) NOT NULL AUTO_INCREMENT, AUTO_INCREMENT=8;

--
-- AUTO_INCREMENT cho bảng `setting`
--
ALTER TABLE `setting`
  MODIFY `id` int(10) UNSIGNED NOT NULL AUTO_INCREMENT, AUTO_INCREMENT=2;

--
-- AUTO_INCREMENT cho bảng `slider`
--
ALTER TABLE `slider`
  MODIFY `id` int(10) UNSIGNED NOT NULL AUTO_INCREMENT, AUTO_INCREMENT=49;

--
-- AUTO_INCREMENT cho bảng `slogan`
--
ALTER TABLE `slogan`
  MODIFY `id` int(11) NOT NULL AUTO_INCREMENT, AUTO_INCREMENT=8;

--
-- AUTO_INCREMENT cho bảng `useronline`
--
ALTER TABLE `useronline`
  MODIFY `id` int(10) UNSIGNED NOT NULL AUTO_INCREMENT;

--
-- AUTO_INCREMENT cho bảng `users`
--
ALTER TABLE `users`
  MODIFY `id` int(10) UNSIGNED NOT NULL AUTO_INCREMENT, AUTO_INCREMENT=8;

--
-- AUTO_INCREMENT cho bảng `video`
--
ALTER TABLE `video`
  MODIFY `id` int(11) NOT NULL AUTO_INCREMENT, AUTO_INCREMENT=2;
COMMIT;

/*!40101 SET CHARACTER_SET_CLIENT=@OLD_CHARACTER_SET_CLIENT */;
/*!40101 SET CHARACTER_SET_RESULTS=@OLD_CHARACTER_SET_RESULTS */;
/*!40101 SET COLLATION_CONNECTION=@OLD_COLLATION_CONNECTION */;
